age,annual_income,RevolvingUtilizationOfUnsecuredLines,DebtRatio,NumberOfOpenCreditLinesAndLoans,NumberRealEstateLoansOrLines,NumberOfDependents,NumberOfTime30-59DaysPastDueNotWorse,NumberOfTimes90DaysLate,NumberOfTime60-89DaysPastDueNotWorse,total_past_due_events,has_any_past_due,MonthlyIncome_was_missing,NumberOfDependents_was_missing
0.6575108174563471,-0.07705445170920465,-0.5820659204976564,1.6827375402637035,-0.671428128015116,-0.016033413856153925,1.1400840532522332,-0.3548408667978765,-0.19193879286262322,-0.20117490133484472,-0.3638090830927597,-0.5040072666478549,2.0170864640838486,-0.16359805427422083
1.4022414386405155,-0.19977761548519504,-0.8841360593291947,-0.3480411819270028,-0.4776924490818248,-0.016033413856153925,-0.6661208380635453,-0.3548408667978765,-0.19193879286262322,-0.20117490133484472,-0.3638090830927597,-0.5040072666478549,-0.49576456825523096,-0.16359805427422083
-1.373572694864112,-0.20622058158343454,-0.2992296936996787,-0.3483573609474646,-0.09022109121524252,-0.8986066536444436,1.1400840532522332,-0.3548408667978765,-0.19193879286262322,-0.20117490133484472,-0.3638090830927597,-0.5040072666478549,-0.49576456825523096,-0.16359805427422083
0.5221052499683165,-0.07705445170920465,1.93328711132237,-0.21839203725485223,-0.671428128015116,-0.8986066536444436,-0.6661208380635453,-0.3548408667978765,-0.19193879286262322,-0.20117490133484472,-0.3638090830927597,-0.5040072666478549,2.0170864640838486,-0.16359805427422083
0.5221052499683165,-0.26113919737319025,-0.2537795499287374,-0.3474687747119342,0.29725026665133975,-0.016033413856153925,-0.6661208380635453,-0.3548408667978765,-0.19193879286262322,-0.20117490133484472,-0.3638090830927597,-0.5040072666478549,-0.49576456825523096,-0.16359805427422083
0.860619168688393,-0.07705445170920465,-0.7928960875285243,2.647094621372942,-0.8651638069484071,0.8665398259321357,-0.6661208380635453,-0.3548408667978765,-0.19193879286262322,-0.20117490133484472,-0.3638090830927597,-0.5040072666478549,2.0170864640838486,-0.16359805427422083
-0.8319504249119896,0.42917859886675574,0.2716497976229814,-0.348257807198168,0.29725026665133975,0.8665398259321357,2.0431864989101225,1.0606065292645237,-0.19193879286262322,-0.20117490133484472,0.5167469985371878,1.9840983774916294,-0.49576456825523096,-0.16359805427422083
2.891702681008852,-0.07705445170920465,-0.7835758905441146,0.4182601776193246,-1.0588994858816982,-0.016033413856153925,-0.6661208380635453,-0.3548408667978765,-0.19193879286262322,-0.20117490133484472,-0.3638090830927597,-0.5040072666478549,2.0170864640838486,6.112542135273893
-0.019517019983805926,0.5953150818285028,-0.7143065519924647,-0.34829555128692413,1.2659286613177956,0.8665398259321357,1.1400840532522332,2.476053925326924,-0.19193879286262322,-0.20117490133484472,1.3973030801671351,1.9840983774916294,-0.49576456825523096,-0.16359805427422083
0.3866996824802859,0.19907266678677374,-0.6937758280269224,-0.34832661702966244,0.10351458771804863,0.8665398259321357,0.23698160759434397,-0.3548408667978765,-0.19193879286262322,-0.20117490133484472,-0.3638090830927597,-0.5040072666478549,-0.49576456825523096,-0.16359805427422083
-0.7642476411679743,0.04566871206678575,-0.688019669703652,-0.34823304386548665,-1.0588994858816982,-0.016033413856153925,-0.6661208380635453,-0.3548408667978765,-0.19193879286262322,-0.20117490133484472,-0.3638090830927597,-0.5040072666478549,-0.49576456825523096,-0.16359805427422083
-1.1027615598880507,-0.07705445170920465,-0.7325572651681712,2.298425470765941,0.10351458771804863,-0.016033413856153925,-0.6661208380635453,-0.3548408667978765,-0.19193879286262322,-0.20117490133484472,-0.3638090830927597,-0.5040072666478549,2.0170864640838486,-0.16359805427422083
0.6575108174563471,-0.07705445170920465,0.8242598942157244,0.8397526318341175,1.2659286613177956,-0.8986066536444436,-0.6661208380635453,3.891501321389324,-0.19193879286262322,-0.20117490133484472,2.2778591617970823,1.9840983774916294,2.0170864640838486,6.112542135273893
-0.8319504249119896,-0.17170469177143724,-0.3490835058386343,-0.3485835981046835,-1.4463708437482805,-0.8986066536444436,-0.6661208380635453,-0.3548408667978765,-0.19193879286262322,-0.20117490133484472,-0.3638090830927597,-0.5040072666478549,-0.49576456825523096,-0.16359805427422083
-0.29032815495986714,-0.24579880190119144,-0.7584040722263687,-0.34845649949910923,-0.4776924490818248,-0.8986066536444436,0.23698160759434397,-0.3548408667978765,-0.19193879286262322,-0.20117490133484472,-0.3638090830927597,-0.5040072666478549,-0.49576456825523096,-0.16359805427422083
-1.0350587761440355,-0.05204960708984661,-0.009338774294121192,-0.3484741376806001,-0.671428128015116,-0.8986066536444436,1.1400840532522332,3.891501321389324,-0.19193879286262322,-0.20117490133484472,2.2778591617970823,1.9840983774916294,-0.49576456825523096,-0.16359805427422083
-1.5089782623521426,-0.3397587241671841,-0.908878162109783,-0.3483517266978385,-0.671428128015116,-0.8986066536444436,-0.6661208380635453,1.0606065292645237,-0.19193879286262322,-0.20117490133484472,0.5167469985371878,1.9840983774916294,-0.49576456825523096,-0.16359805427422083
1.1314303036644542,-0.16909682454119745,1.93328711132237,-0.34756590004569643,-0.671428128015116,0.8665398259321357,0.23698160759434397,-0.3548408667978765,-0.19193879286262322,-0.20117490133484472,-0.3638090830927597,-0.5040072666478549,-0.49576456825523096,-0.16359805427422083
-0.22262537121585182,-0.29181998831718786,2.1974830781312193,-0.3482879632664025,-0.09022109121524252,-0.8986066536444436,-0.6661208380635453,1.0606065292645237,1.8548625173226418,2.7274904098602746,2.2778591617970823,1.9840983774916294,-0.49576456825523096,-0.16359805427422083
0.3189968987362706,0.7053057173627342,-0.5195301695310489,-0.3483074569282934,-0.28395677014853365,-0.016033413856153925,-0.6661208380635453,-0.3548408667978765,-0.19193879286262322,-0.20117490133484472,-0.3638090830927597,-0.5040072666478549,-0.49576456825523096,-0.16359805427422083
0.5898080337123318,-0.07705445170920465,0.8572570583320067,1.8405213647472518,-1.2526351648149894,-0.016033413856153925,-0.6661208380635453,-0.3548408667978765,-0.19193879286262322,-0.20117490133484472,-0.3638090830927597,-0.5040072666478549,2.0170864640838486,-0.16359805427422083
-0.696544857423959,-0.07705445170920465,-0.83845952854509,2.3569047903297733,-1.2526351648149894,-0.016033413856153925,-0.6661208380635453,-0.3548408667978765,-0.19193879286262322,-0.20117490133484472,-0.3638090830927597,-0.5040072666478549,2.0170864640838486,-0.16359805427422083
0.04818576376020938,-0.2782437383244689,1.7272509954675221,-0.3482393700258711,-0.8651638069484071,-0.8986066536444436,0.23698160759434397,-0.3548408667978765,-0.19193879286262322,-0.20117490133484472,-0.3638090830927597,-0.5040072666478549,-0.49576456825523096,-0.16359805427422083
1.3345386548965001,-0.39153255888518,-0.8114895175536687,-0.34852766923375333,0.10351458771804863,-0.8986066536444436,-0.6661208380635453,-0.3548408667978765,-0.19193879286262322,-0.20117490133484472,-0.3638090830927597,-0.5040072666478549,-0.49576456825523096,-0.16359805427422083
-0.8996532086560048,-0.10773524265320225,-0.716921148196078,-0.34837285081281116,-0.671428128015116,-0.016033413856153925,-0.6661208380635453,-0.3548408667978765,-0.19193879286262322,-0.20117490133484472,-0.3638090830927597,-0.5040072666478549,-0.49576456825523096,-0.16359805427422083
-1.170464343632066,0.08938883916198233,-0.5947771364727178,-0.34832617937815846,-0.09022109121524252,-0.016033413856153925,-0.6661208380635453,-0.3548408667978765,-0.19193879286262322,-0.20117490133484472,-0.3638090830927597,-0.5040072666478549,-0.49576456825523096,-0.16359805427422083
1.3345386548965001,-0.4912451294531722,0.31678711275748883,3.193269398431378,0.49098594558463093,-0.016033413856153925,-0.6661208380635453,-0.3548408667978765,-0.19193879286262322,-0.20117490133484472,-0.3638090830927597,-0.5040072666478549,-0.49576456825523096,-0.16359805427422083
1.3345386548965001,0.09936009621878154,-0.740316976837485,-0.34854170287246194,-0.28395677014853365,-0.016033413856153925,-0.6661208380635453,-0.3548408667978765,-0.19193879286262322,-0.20117490133484472,-0.3638090830927597,-0.5040072666478549,-0.49576456825523096,-0.16359805427422083
-0.29032815495986714,-0.07705445170920465,1.56274311628845,2.136228112730405,-0.4776924490818248,-0.016033413856153925,-0.6661208380635453,-0.3548408667978765,-0.19193879286262322,-0.20117490133484472,-0.3638090830927597,-0.5040072666478549,2.0170864640838486,-0.16359805427422083
-0.42573372244789776,0.8629282808375218,0.000412405833284692,-0.34849716198506764,0.29725026665133975,-0.8986066536444436,2.9462889445680114,-0.3548408667978765,-0.19193879286262322,-0.20117490133484472,-0.3638090830927597,-0.5040072666478549,-0.49576456825523096,-0.16359805427422083
-0.696544857423959,-0.33017097699718484,1.93328711132237,-0.3485912770384794,-1.6401065226815716,-0.8986066536444436,0.23698160759434397,-0.3548408667978765,-0.19193879286262322,-0.20117490133484472,-0.3638090830927597,-0.5040072666478549,-0.49576456825523096,-0.16359805427422083
1.4699442223845307,-0.3953676577531797,-0.908878162109783,-0.3485886310346375,0.49098594558463093,-0.8986066536444436,-0.6661208380635453,-0.3548408667978765,-0.19193879286262322,-0.20117490133484472,-0.3638090830927597,-0.5040072666478549,-0.49576456825523096,-0.16359805427422083
-1.3058699111200966,-0.4375537453011764,1.8433104792699087,-0.34703615180717645,-0.671428128015116,-0.8986066536444436,1.1400840532522332,-0.3548408667978765,-0.19193879286262322,2.7274904098602746,0.5167469985371878,1.9840983774916294,-0.49576456825523096,-0.16359805427422083
0.7929163849443778,-0.3106119727703864,2.0036748221257956,-0.34809156987578393,-0.09022109121524252,-0.016033413856153925,-0.6661208380635453,3.891501321389324,-0.19193879286262322,-0.20117490133484472,2.2778591617970823,1.9840983774916294,-0.49576456825523096,-0.16359805427422083
-0.9673559924000202,-0.07705445170920465,-0.7957883689914509,-0.2779747402066816,-0.8651638069484071,-0.8986066536444436,-0.6661208380635453,-0.3548408667978765,-0.19193879286262322,-0.20117490133484472,-0.3638090830927597,-0.5040072666478549,2.0170864640838486,-0.16359805427422083
-0.5611392899359283,-0.23812860416519205,-0.908878162109783,-0.3484238141252735,-0.4776924490818248,-0.8986066536444436,0.23698160759434397,-0.3548408667978765,-0.19193879286262322,-0.20117490133484472,-0.3638090830927597,-0.5040072666478549,-0.49576456825523096,-0.16359805427422083
2.0792692760806686,-0.08472464944520405,-0.1828460950214286,-0.3485787882622997,-0.4776924490818248,-0.8986066536444436,-0.6661208380635453,-0.3548408667978765,-0.19193879286262322,-0.20117490133484472,-0.3638090830927597,-0.5040072666478549,-0.49576456825523096,-0.16359805427422083
-0.8319504249119896,0.0884684154336624,0.5147682045729215,-0.34808885004786977,0.10351458771804863,1.7491130657204255,1.1400840532522332,-0.3548408667978765,-0.19193879286262322,-0.20117490133484472,-0.3638090830927597,-0.5040072666478549,-0.49576456825523096,-0.16359805427422083
1.2668358711524847,-0.07705445170920465,-0.8776147047728385,-0.31990330895056157,0.8784573034512132,-0.8986066536444436,-0.6661208380635453,-0.3548408667978765,-0.19193879286262322,-0.20117490133484472,-0.3638090830927597,-0.5040072666478549,2.0170864640838486,-0.16359805427422083
-1.170464343632066,-0.11233736129480189,-0.19447963287116848,-0.34809597156341193,0.8784573034512132,-0.016033413856153925,1.1400840532522332,-0.3548408667978765,-0.19193879286262322,-0.20117490133484472,-0.3638090830927597,-0.5040072666478549,-0.49576456825523096,-0.16359805427422083
1.2668358711524847,-0.07705445170920465,1.93328711132237,1.7864555787354066,-1.0588994858816982,-0.016033413856153925,-0.6661208380635453,-0.3548408667978765,-0.19193879286262322,-0.20117490133484472,-0.3638090830927597,-0.5040072666478549,2.0170864640838486,-0.16359805427422083
0.6575108174563471,-0.3455113724691836,-0.8148056170602208,-0.348574444782559,-1.4463708437482805,-0.8986066536444436,0.23698160759434397,-0.3548408667978765,-0.19193879286262322,-0.20117490133484472,-0.3638090830927597,-0.5040072666478549,-0.49576456825523096,-0.16359805427422083
-0.019517019983805926,-0.29181998831718786,-0.20325980703096258,-0.34767242720448643,-0.4776924490818248,-0.016033413856153925,1.1400840532522332,-0.3548408667978765,-0.19193879286262322,-0.20117490133484472,-0.3638090830927597,-0.5040072666478549,-0.49576456825523096,-0.16359805427422083
-1.170464343632066,-0.01822403507408925,1.1205905866574715,-0.3482909234862486,-0.671428128015116,-0.016033413856153925,-0.6661208380635453,-0.3548408667978765,-0.19193879286262322,-0.20117490133484472,-0.3638090830927597,-0.5040072666478549,-0.49576456825523096,-0.16359805427422083
-0.3580309387038825,-0.07705445170920465,0.3344302789392614,4.936615151466385,1.0721929823845044,0.8665398259321357,1.1400840532522332,-0.3548408667978765,-0.19193879286262322,-0.20117490133484472,-0.3638090830927597,-0.5040072666478549,2.0170864640838486,-0.16359805427422083
-0.9673559924000202,-0.17170469177143724,-0.35359547208305725,-0.3483577315264991,-0.09022109121524252,-0.016033413856153925,0.23698160759434397,-0.3548408667978765,-0.19193879286262322,-0.20117490133484472,-0.3638090830927597,-0.5040072666478549,-0.49576456825523096,-0.16359805427422083
-0.696544857423959,-0.3729706803640615,2.067726939471548,-0.3478704666334769,-0.4776924490818248,-0.8986066536444436,0.23698160759434397,1.0606065292645237,1.8548625173226418,-0.20117490133484472,1.3973030801671351,1.9840983774916294,-0.49576456825523096,-0.16359805427422083
0.860619168688393,0.014987921122788149,-0.8142791570496465,-0.34858793395894155,-0.671428128015116,-0.8986066536444436,-0.6661208380635453,-0.3548408667978765,-0.19193879286262322,-0.20117490133484472,-0.3638090830927597,-0.5040072666478549,-0.49576456825523096,-0.16359805427422083
0.18359133124823998,-0.19594251661719533,0.37539352436599827,-0.3480090711058615,-0.28395677014853365,-0.016033413856153925,0.23698160759434397,-0.3548408667978765,-0.19193879286262322,-0.20117490133484472,-0.3638090830927597,-0.5040072666478549,-0.49576456825523096,-0.16359805427422083
-0.42573372244789776,-0.24579880190119144,-0.3854824294892108,-0.3471697359292809,0.6847216245179221,0.8665398259321357,0.23698160759434397,-0.3548408667978765,-0.19193879286262322,-0.20117490133484472,-0.3638090830927597,-0.5040072666478549,-0.49576456825523096,-0.16359805427422083
0.2512941149922553,-0.341369465691744,1.7448746331297478,-0.34827352519796045,-0.28395677014853365,-0.8986066536444436,0.23698160759434397,2.476053925326924,1.8548625173226418,-0.20117490133484472,2.2778591617970823,1.9840983774916294,-0.49576456825523096,-0.16359805427422083
0.5221052499683165,-0.07705445170920465,-0.8938246379180278,1.969617221142882,-0.671428128015116,0.8665398259321357,-0.6661208380635453,-0.3548408667978765,-0.19193879286262322,-0.20117490133484472,-0.3638090830927597,-0.5040072666478549,2.0170864640838486,-0.16359805427422083
-0.6288420736799437,0.10442242672454115,-0.8249804987024643,-0.34825004787737535,0.29725026665133975,0.8665398259321357,1.1400840532522332,1.0606065292645237,-0.19193879286262322,-0.20117490133484472,0.5167469985371878,1.9840983774916294,-0.49576456825523096,-0.16359805427422083
0.7252136012003624,-0.07705445170920465,-0.895074466011176,1.9442394032189547,0.49098594558463093,0.8665398259321357,-0.6661208380635453,-0.3548408667978765,-0.19193879286262322,-0.20117490133484472,-0.3638090830927597,-0.5040072666478549,2.0170864640838486,6.112542135273893
-0.08721980372782123,0.35247662150676173,-0.908878162109783,-0.3484214717416453,-0.8651638069484071,-0.016033413856153925,1.1400840532522332,-0.3548408667978765,-0.19193879286262322,2.7274904098602746,0.5167469985371878,1.9840983774916294,-0.49576456825523096,-0.16359805427422083
-1.6443838298401732,-0.2994901860531872,1.2924858623443019,-0.34852995345142285,-1.4463708437482805,-0.8986066536444436,-0.6661208380635453,-0.3548408667978765,-0.19193879286262322,-0.20117490133484472,-0.3638090830927597,-0.5040072666478549,-0.49576456825523096,-0.16359805427422083
-0.22262537121585182,-0.07705445170920465,1.9582967840950523,4.000946038445066,0.29725026665133975,-0.016033413856153925,-0.6661208380635453,-0.3548408667978765,-0.19193879286262322,-0.20117490133484472,-0.3638090830927597,-0.5040072666478549,2.0170864640838486,-0.16359805427422083
0.7252136012003624,0.42917859886675574,-0.6828114581625719,-0.34848802734763745,1.847135698117669,-0.016033413856153925,0.23698160759434397,-0.3548408667978765,-0.19193879286262322,-0.20117490133484472,-0.3638090830927597,-0.5040072666478549,-0.49576456825523096,-0.16359805427422083
0.3866996824802859,0.013683987507668251,-0.7325918628495045,-0.3483301787214475,-0.28395677014853365,0.8665398259321357,-0.6661208380635453,-0.3548408667978765,-0.19193879286262322,-0.20117490133484472,-0.3638090830927597,-0.5040072666478549,-0.49576456825523096,-0.16359805427422083
0.18359133124823998,-0.07705445170920465,-0.16755735036595684,-0.13122474960310185,-0.671428128015116,-0.8986066536444436,-0.6661208380635453,-0.3548408667978765,-0.19193879286262322,-0.20117490133484472,-0.3638090830927597,-0.5040072666478549,2.0170864640838486,6.112542135273893
-1.1027615598880507,-0.03103326529320825,-0.9048183133514431,-0.3482022153402463,0.49098594558463093,-0.016033413856153925,-0.6661208380635453,2.476053925326924,1.8548625173226418,-0.20117490133484472,2.2778591617970823,1.9840983774916294,-0.49576456825523096,-0.16359805427422083
-0.7642476411679743,0.04566871206678575,-0.8853235018883526,-0.34818371391352115,-0.28395677014853365,0.8665398259321357,1.1400840532522332,-0.3548408667978765,-0.19193879286262322,-0.20117490133484472,-0.3638090830927597,-0.5040072666478549,-0.49576456825523096,-0.16359805427422083
-1.4412754786081272,-0.06938425397320525,-0.7126971530081216,-0.34810988817617494,0.10351458771804863,0.8665398259321357,0.23698160759434397,-0.3548408667978765,1.8548625173226418,-0.20117490133484472,0.5167469985371878,1.9840983774916294,-0.49576456825523096,-0.16359805427422083
-0.7642476411679743,-0.26113919737319025,1.93328711132237,-0.3485912770384794,-1.6401065226815716,-0.8986066536444436,1.1400840532522332,-0.3548408667978765,-0.19193879286262322,-0.20117490133484472,-0.3638090830927597,-0.5040072666478549,-0.49576456825523096,-0.16359805427422083
0.7252136012003624,-0.005491506832330247,-0.1053654019560302,-0.348156996207497,0.49098594558463093,-0.016033413856153925,-0.6661208380635453,-0.3548408667978765,-0.19193879286262322,-0.20117490133484472,-0.3638090830927597,-0.5040072666478549,-0.49576456825523096,-0.16359805427422083
0.2512941149922553,0.4675295875467527,-0.747113899239814,-0.34822913144674095,2.428342734917542,0.8665398259321357,0.23698160759434397,-0.3548408667978765,-0.19193879286262322,-0.20117490133484472,-0.3638090830927597,-0.5040072666478549,-0.49576456825523096,-0.16359805427422083
1.8761609248486226,-0.225932989764953,-0.5814436198223125,-0.34809220333811747,-0.09022109121524252,0.8665398259321357,-0.6661208380635453,-0.3548408667978765,-0.19193879286262322,-0.20117490133484472,-0.3638090830927597,-0.5040072666478549,-0.49576456825523096,-0.16359805427422083
1.537647006128546,-0.07705445170920465,-0.8838687735536568,-0.32542022589054576,-1.2526351648149894,-0.8986066536444436,-0.6661208380635453,-0.3548408667978765,-0.19193879286262322,-0.20117490133484472,-0.3638090830927597,-0.5040072666478549,2.0170864640838486,-0.16359805427422083
0.7252136012003624,-0.43371864643317676,-0.8642795538772378,-0.3480315046401055,-0.4776924490818248,-0.8986066536444436,-0.6661208380635453,-0.3548408667978765,-0.19193879286262322,-0.20117490133484472,-0.3638090830927597,-0.5040072666478549,-0.49576456825523096,-0.16359805427422083
0.3189968987362706,-0.07705445170920465,-0.908878162109783,-0.3485912770384794,-0.671428128015116,-0.8986066536444436,0.23698160759434397,-0.3548408667978765,-0.19193879286262322,-0.20117490133484472,-0.3638090830927597,-0.5040072666478549,2.0170864640838486,-0.16359805427422083
0.5221052499683165,0.11424027982662038,-0.867691721421804,-0.3485795374309322,-0.09022109121524252,-0.8986066536444436,-0.6661208380635453,-0.3548408667978765,-0.19193879286262322,-0.20117490133484472,-0.3638090830927597,-0.5040072666478549,-0.49576456825523096,-0.16359805427422083
-0.7642476411679743,-0.07705445170920465,-0.5662213704722275,2.269737502678023,-0.4776924490818248,0.8665398259321357,-0.6661208380635453,-0.3548408667978765,-0.19193879286262322,-0.20117490133484472,-0.3638090830927597,-0.5040072666478549,2.0170864640838486,-0.16359805427422083
0.7929163849443778,-0.2425006168747117,-0.27008309263873337,-0.34810829170840496,1.0721929823845044,-0.016033413856153925,-0.6661208380635453,-0.3548408667978765,-0.19193879286262322,-0.20117490133484472,-0.3638090830927597,-0.5040072666478549,-0.49576456825523096,-0.16359805427422083
0.3189968987362706,-0.03341102659136806,-0.5613114783124092,-0.3481382799387856,1.2659286613177956,-0.016033413856153925,2.9462889445680114,-0.3548408667978765,-0.19193879286262322,-0.20117490133484472,-0.3638090830927597,-0.5040072666478549,-0.49576456825523096,-0.16359805427422083
0.7252136012003624,-0.1813691409187965,1.93328711132237,-0.34844301245556675,-0.4776924490818248,-0.016033413856153925,-0.6661208380635453,-0.3548408667978765,-0.19193879286262322,-0.20117490133484472,-0.3638090830927597,-0.5040072666478549,-0.49576456825523096,-0.16359805427422083
0.2512941149922553,0.9060347921138384,0.8319665881287257,-0.348420179328822,0.10351458771804863,-0.016033413856153925,-0.6661208380635453,1.0606065292645237,-0.19193879286262322,-0.20117490133484472,0.5167469985371878,1.9840983774916294,-0.49576456825523096,-0.16359805427422083
-1.1027615598880507,-0.1634208782165579,-0.9062627530468202,-0.34828904032526964,-0.09022109121524252,0.8665398259321357,1.1400840532522332,-0.3548408667978765,-0.19193879286262322,-0.20117490133484472,-0.3638090830927597,-0.5040072666478549,-0.49576456825523096,-0.16359805427422083
-1.576681046096158,-0.08587517910560395,0.44193558621833634,-0.3479942894316952,-0.8651638069484071,0.8665398259321357,2.0431864989101225,-0.3548408667978765,-0.19193879286262322,-0.20117490133484472,-0.3638090830927597,-0.5040072666478549,-0.49576456825523096,-0.16359805427422083
-0.6288420736799437,0.7014706184947345,-0.908878162109783,-0.34791289953449306,-0.28395677014853365,0.8665398259321357,1.1400840532522332,-0.3548408667978765,-0.19193879286262322,-0.20117490133484472,-0.3638090830927597,-0.5040072666478549,-0.49576456825523096,-0.16359805427422083
-1.170464343632066,-0.23045840642919263,1.4786924392140037,-0.3483888332770509,0.49098594558463093,-0.8986066536444436,-0.6661208380635453,1.0606065292645237,-0.19193879286262322,2.7274904098602746,1.3973030801671351,1.9840983774916294,-0.49576456825523096,-0.16359805427422083
-0.8996532086560048,-0.30716038378918664,-0.908878162109783,-0.348386776577036,-0.4776924490818248,-0.8986066536444436,-0.6661208380635453,-0.3548408667978765,-0.19193879286262322,-0.20117490133484472,-0.3638090830927597,-0.5040072666478549,-0.49576456825523096,-0.16359805427422083
0.2512941149922553,-0.07705445170920465,-0.43670184249313987,1.2270402010210084,1.0721929823845044,0.8665398259321357,1.1400840532522332,-0.3548408667978765,-0.19193879286262322,-0.20117490133484472,-0.3638090830927597,-0.5040072666478549,2.0170864640838486,-0.16359805427422083
-0.22262537121585182,-0.16403449403543785,-0.869606982894799,-0.3481534921597702,1.0721929823845044,-0.016033413856153925,-0.6661208380635453,1.0606065292645237,-0.19193879286262322,-0.20117490133484472,0.5167469985371878,1.9840983774916294,-0.49576456825523096,-0.16359805427422083
1.8084581411046072,-0.10765854067584225,-0.7627030693212259,-0.34851010049148917,1.2659286613177956,-0.8986066536444436,-0.6661208380635453,-0.3548408667978765,-0.19193879286262322,-0.20117490133484472,-0.3638090830927597,-0.5040072666478549,-0.49576456825523096,-0.16359805427422083
0.6575108174563471,-0.23812860416519205,-0.8551863578137521,-0.34788666262447,-0.09022109121524252,0.8665398259321357,-0.6661208380635453,-0.3548408667978765,-0.19193879286262322,-0.20117490133484472,-0.3638090830927597,-0.5040072666478549,-0.49576456825523096,-0.16359805427422083
-1.4412754786081272,-0.07705445170920465,1.2019242813562554,2.8611509986443293,-0.28395677014853365,-0.016033413856153925,-0.6661208380635453,2.476053925326924,-0.19193879286262322,-0.20117490133484472,1.3973030801671351,1.9840983774916294,2.0170864640838486,-0.16359805427422083
2.620891546032791,-0.054043858501206445,-0.9066451124214563,-0.3485912770384794,-1.0588994858816982,-0.8986066536444436,-0.6661208380635453,-0.3548408667978765,-0.19193879286262322,-0.20117490133484472,-0.3638090830927597,-0.5040072666478549,-0.49576456825523096,-0.16359805427422083
0.6575108174563471,0.13011758914013913,0.4103505918496895,-0.3483846820497284,0.49098594558463093,-0.016033413856153925,-0.6661208380635453,-0.3548408667978765,-0.19193879286262322,-0.20117490133484472,-0.3638090830927597,-0.5040072666478549,-0.49576456825523096,-0.16359805427422083
0.5221052499683165,-0.22670000953855293,1.4289882614073277,-0.348083081037617,1.6534000191843778,-0.016033413856153925,-0.6661208380635453,2.476053925326924,-0.19193879286262322,-0.20117490133484472,1.3973030801671351,1.9840983774916294,-0.49576456825523096,-0.16359805427422083
0.7929163849443778,0.12237068942677974,-0.34938896758194254,-0.34803262110741373,0.8784573034512132,0.8665398259321357,0.23698160759434397,-0.3548408667978765,-0.19193879286262322,-0.20117490133484472,-0.3638090830927597,-0.5040072666478549,-0.49576456825523096,-0.16359805427422083
0.3866996824802859,-0.21642194457231373,1.1814600214322786,-0.3476815398978277,0.8784573034512132,1.7491130657204255,0.23698160759434397,2.476053925326924,-0.19193879286262322,-0.20117490133484472,1.3973030801671351,1.9840983774916294,-0.49576456825523096,-0.16359805427422083
-0.22262537121585182,-0.24579880190119144,1.681431677127966,-0.34761233020240023,-0.09022109121524252,-0.016033413856153925,-0.6661208380635453,-0.3548408667978765,-0.19193879286262322,-0.20117490133484472,-0.3638090830927597,-0.5040072666478549,-0.49576456825523096,-0.16359805427422083
0.3866996824802859,0.16839187584277615,-0.9008687860913889,-0.3483626723184233,-0.4776924490818248,-0.016033413856153925,1.1400840532522332,-0.3548408667978765,-0.19193879286262322,-0.20117490133484472,-0.3638090830927597,-0.5040072666478549,-0.49576456825523096,-0.16359805427422083
-0.019517019983805926,-0.07705445170920465,-0.6610689797536915,-0.3481873909143872,0.29725026665133975,0.8665398259321357,-0.6661208380635453,-0.3548408667978765,-0.19193879286262322,-0.20117490133484472,-0.3638090830927597,-0.5040072666478549,-0.49576456825523096,-0.16359805427422083
1.8084581411046072,0.15450881794061724,-0.8098041190623141,-0.34843389420558674,1.0721929823845044,-0.016033413856153925,-0.6661208380635453,-0.3548408667978765,-0.19193879286262322,-0.20117490133484472,-0.3638090830927597,-0.5040072666478549,-0.49576456825523096,-0.16359805427422083
0.4544024662243012,1.0427944177467077,1.2234859980356692,-0.34835637845958767,-0.4776924490818248,0.8665398259321357,-0.6661208380635453,-0.3548408667978765,-0.19193879286262322,-0.20117490133484472,-0.3638090830927597,-0.5040072666478549,-0.49576456825523096,-0.16359805427422083
-0.49343650619191304,-0.17830106182439673,2.1974830781312193,-0.3485082731915009,-0.8651638069484071,-0.8986066536444436,1.1400840532522332,-0.3548408667978765,7.9952664478784365,-0.20117490133484472,3.15841524342703,1.9840983774916294,-0.49576456825523096,-0.16359805427422083
0.7252136012003624,-0.07705445170920465,-0.7318430914911764,-0.1985311362709091,-0.671428128015116,-0.8986066536444436,-0.6661208380635453,-0.3548408667978765,-0.19193879286262322,-0.20117490133484472,-0.3638090830927597,-0.5040072666478549,2.0170864640838486,-0.16359805427422083
-0.696544857423959,-0.25346899963719083,-0.8289359518777062,-0.348074633155938,0.10351458771804863,-0.016033413856153925,-0.6661208380635453,1.0606065292645237,-0.19193879286262322,-0.20117490133484472,0.5167469985371878,1.9840983774916294,-0.49576456825523096,-0.16359805427422083
-0.696544857423959,-0.33017097699718484,-0.32144519372231856,-0.34793901517826825,0.10351458771804863,0.8665398259321357,2.0431864989101225,-0.3548408667978765,-0.19193879286262322,-0.20117490133484472,-0.3638090830927597,-0.5040072666478549,-0.49576456825523096,-0.16359805427422083
0.2512941149922553,0.1791301526731753,0.46893480898735923,-0.34797299859990616,-0.4776924490818248,1.7491130657204255,-0.6661208380635453,-0.3548408667978765,-0.19193879286262322,-0.20117490133484472,-0.3638090830927597,-0.5040072666478549,-0.49576456825523096,-0.16359805427422083
-0.08721980372782123,-0.07705445170920465,-0.8656778225931309,-0.2592172226107353,0.29725026665133975,-0.8986066536444436,-0.6661208380635453,-0.3548408667978765,-0.19193879286262322,-0.20117490133484472,-0.3638090830927597,-0.5040072666478549,2.0170864640838486,-0.16359805427422083
1.2668358711524847,-0.31483058152518606,-0.908878162109783,-0.3484301571696305,-1.0588994858816982,-0.8986066536444436,-0.6661208380635453,-0.3548408667978765,-0.19193879286262322,-0.20117490133484472,-0.3638090830927597,-0.5040072666478549,-0.49576456825523096,-0.16359805427422083
0.5898080337123318,-0.07705445170920465,-0.8353672438918716,5.14519874713335,1.0721929823845044,4.396832785085294,-0.6661208380635453,-0.3548408667978765,-0.19193879286262322,-0.20117490133484472,-0.3638090830927597,-0.5040072666478549,2.0170864640838486,-0.16359805427422083
0.7252136012003624,-0.07705445170920465,-0.9057867926338742,1.6264649874758648,-0.671428128015116,0.8665398259321357,-0.6661208380635453,-0.3548408667978765,-0.19193879286262322,-0.20117490133484472,-0.3638090830927597,-0.5040072666478549,2.0170864640838486,-0.16359805427422083
-0.42573372244789776,-0.10773524265320225,-0.4506270042211842,-0.3479532077008745,0.8784573034512132,-0.016033413856153925,-0.6661208380635453,-0.3548408667978765,-0.19193879286262322,-0.20117490133484472,-0.3638090830927597,-0.5040072666478549,-0.49576456825523096,-0.16359805427422083
-1.3058699111200966,-0.07705445170920465,-0.908878162109783,-0.27245782326669743,-1.0588994858816982,-0.8986066536444436,-0.6661208380635453,-0.3548408667978765,-0.19193879286262322,-0.20117490133484472,-0.3638090830927597,-0.5040072666478549,2.0170864640838486,-0.16359805427422083
0.860619168688393,-0.04767759438032695,-0.8764930356090159,-0.3484743382392884,-0.09022109121524252,-0.016033413856153925,0.23698160759434397,-0.3548408667978765,-0.19193879286262322,-0.20117490133484472,-0.3638090830927597,-0.5040072666478549,-0.49576456825523096,-0.16359805427422083
-0.7642476411679743,-0.07705445170920465,-0.8674530164631139,1.3925477092205345,-0.09022109121524252,-0.016033413856153925,1.1400840532522332,-0.3548408667978765,-0.19193879286262322,-0.20117490133484472,-0.3638090830927597,-0.5040072666478549,2.0170864640838486,-0.16359805427422083
-0.29032815495986714,0.5058805762267498,-0.7379008945294111,-0.34838139571278465,0.6847216245179221,-0.016033413856153925,5.65559628154168,-0.3548408667978765,-0.19193879286262322,-0.20117490133484472,-0.3638090830927597,-0.5040072666478549,-0.49576456825523096,-0.16359805427422083
0.7252136012003624,-0.4912451294531722,-0.8656920987907268,1.7688014445274571,1.2659286613177956,-0.016033413856153925,-0.6661208380635453,-0.3548408667978765,-0.19193879286262322,-0.20117490133484472,-0.3638090830927597,-0.5040072666478549,-0.49576456825523096,-0.16359805427422083
-1.7797893973282037,-0.37619216341318124,1.4852720638486228,-0.34854349561227566,-1.0588994858816982,-0.8986066536444436,-0.6661208380635453,2.476053925326924,-0.19193879286262322,2.7274904098602746,2.2778591617970823,1.9840983774916294,-0.49576456825523096,-0.16359805427422083
1.3345386548965001,-0.07705445170920465,1.3947995534869877,1.59667363599995,0.6847216245179221,-0.016033413856153925,-0.6661208380635453,-0.3548408667978765,-0.19193879286262322,-0.20117490133484472,-0.3638090830927597,-0.5040072666478549,2.0170864640838486,-0.16359805427422083
-1.7797893973282037,-0.07705445170920465,2.1974830781312193,-0.15660256752702917,-0.8651638069484071,-0.8986066536444436,-0.6661208380635453,-0.3548408667978765,-0.19193879286262322,-0.20117490133484472,-0.3638090830927597,-0.5040072666478549,2.0170864640838486,-0.16359805427422083
1.1991330874084696,0.50273579515499,-0.5951109289223047,-0.34844850127153865,0.10351458771804863,-0.016033413856153925,-0.6661208380635453,-0.3548408667978765,-0.19193879286262322,-0.20117490133484472,-0.3638090830927597,-0.5040072666478549,-0.49576456825523096,-0.16359805427422083
-1.5089782623521426,0.04566871206678575,-0.8238953058914085,-0.34846219962182695,0.10351458771804863,-0.8986066536444436,-0.6661208380635453,-0.3548408667978765,-0.19193879286262322,-0.20117490133484472,-0.3638090830927597,-0.5040072666478549,-0.49576456825523096,-0.16359805427422083
0.9960247361764236,-0.2994901860531872,-0.905156366207201,-0.34835789446643417,-0.4776924490818248,-0.016033413856153925,-0.6661208380635453,-0.3548408667978765,-0.19193879286262322,-0.20117490133484472,-0.3638090830927597,-0.5040072666478549,-0.49576456825523096,-0.16359805427422083
-0.9673559924000202,-0.15375642906919865,-0.8887918192556757,-0.3484804623470034,-0.28395677014853365,-0.016033413856153925,-0.6661208380635453,-0.3548408667978765,-0.19193879286262322,-0.20117490133484472,-0.3638090830927597,-0.5040072666478549,-0.49576456825523096,-0.16359805427422083
-0.9673559924000202,-0.07705445170920465,1.93328711132237,-0.3485912770384794,-1.4463708437482805,-0.8986066536444436,-0.6661208380635453,-0.3548408667978765,-0.19193879286262322,-0.20117490133484472,-0.3638090830927597,-0.5040072666478549,2.0170864640838486,-0.16359805427422083
-0.15492258747183654,0.06100910753878455,0.3708935776397187,-0.3484693088147834,-0.4776924490818248,-0.8986066536444436,-0.6661208380635453,-0.3548408667978765,-0.19193879286262322,-0.20117490133484472,-0.3638090830927597,-0.5040072666478549,-0.49576456825523096,-0.16359805427422083
-0.49343650619191304,-0.17553979063943695,0.6423876482430919,-0.34812119337064845,-1.0588994858816982,-0.016033413856153925,-0.6661208380635453,1.0606065292645237,7.9952664478784365,-0.20117490133484472,4.038971325056977,1.9840983774916294,-0.49576456825523096,-0.16359805427422083
0.04818576376020938,-0.33784117473318426,-0.033577310707701896,-0.3475579234808519,0.29725026665133975,-0.016033413856153925,-0.6661208380635453,1.0606065292645237,-0.19193879286262322,-0.20117490133484472,0.5167469985371878,1.9840983774916294,-0.49576456825523096,-0.16359805427422083
0.04818576376020938,-0.07705445170920465,1.93328711132237,0.4877733310631256,-1.0588994858816982,-0.8986066536444436,0.23698160759434397,1.0606065292645237,-0.19193879286262322,-0.20117490133484472,0.5167469985371878,1.9840983774916294,2.0170864640838486,-0.16359805427422083
-0.6288420736799437,0.03032831659478695,-0.3551580748114936,-0.3484137882243948,0.49098594558463093,-0.8986066536444436,1.1400840532522332,-0.3548408667978765,-0.19193879286262322,-0.20117490133484472,-0.3638090830927597,-0.5040072666478549,-0.49576456825523096,-0.16359805427422083
0.6575108174563471,0.043290950768625935,-0.7045039855117766,-0.34839133826959917,-0.09022109121524252,-0.016033413856153925,-0.6661208380635453,-0.3548408667978765,-0.19193879286262322,-0.20117490133484472,-0.3638090830927597,-0.5040072666478549,-0.49576456825523096,-0.16359805427422083
-0.8996532086560048,-0.14608623133319926,-0.8521294325422364,-0.34822822198408676,-0.4776924490818248,-0.016033413856153925,-0.6661208380635453,-0.3548408667978765,-0.19193879286262322,-0.20117490133484472,-0.3638090830927597,-0.5040072666478549,-0.49576456825523096,-0.16359805427422083
-0.29032815495986714,-0.07705445170920465,-0.46850662720869074,5.14519874713335,0.29725026665133975,2.631686305508715,-0.6661208380635453,1.0606065292645237,-0.19193879286262322,-0.20117490133484472,0.5167469985371878,1.9840983774916294,2.0170864640838486,-0.16359805427422083
0.9283219524324083,0.6009143261757823,1.68752293529698,-0.3479837188125055,1.4596643402510867,0.8665398259321357,-0.6661208380635453,1.0606065292645237,-0.19193879286262322,-0.20117490133484472,0.5167469985371878,1.9840983774916294,-0.49576456825523096,-0.16359805427422083
-0.9673559924000202,0.19262970068853424,-0.5395093257954806,-0.34829455018386607,-0.8651638069484071,-0.016033413856153925,1.1400840532522332,-0.3548408667978765,-0.19193879286262322,-0.20117490133484472,-0.3638090830927597,-0.5040072666478549,-0.49576456825523096,-0.16359805427422083
0.3866996824802859,-0.37619216341318124,1.93328711132237,-0.34856113798552013,-0.671428128015116,-0.8986066536444436,-0.6661208380635453,-0.3548408667978765,1.8548625173226418,-0.20117490133484472,0.5167469985371878,1.9840983774916294,-0.49576456825523096,-0.16359805427422083
0.7252136012003624,-0.07705445170920465,-0.9005805365026976,1.0416717918375393,-0.671428128015116,-0.016033413856153925,-0.6661208380635453,-0.3548408667978765,-0.19193879286262322,-0.20117490133484472,-0.3638090830927597,-0.5040072666478549,2.0170864640838486,-0.16359805427422083
-1.170464343632066,-0.07705445170920465,1.7362325512679029,0.4303973948872899,-0.28395677014853365,-0.8986066536444436,-0.6661208380635453,1.0606065292645237,3.9016638275079067,2.7274904098602746,3.15841524342703,1.9840983774916294,2.0170864640838486,-0.16359805427422083
-1.170464343632066,-0.13074583586120045,-0.908878162109783,-0.3485293129428831,-0.8651638069484071,-0.8986066536444436,-0.6661208380635453,-0.3548408667978765,-0.19193879286262322,-0.20117490133484472,-0.3638090830927597,-0.5040072666478549,-0.49576456825523096,-0.16359805427422083
0.5898080337123318,0.5430043332689868,-0.6051876990094981,-0.34823714701949837,4.559435203183745,0.8665398259321357,0.23698160759434397,-0.3548408667978765,-0.19193879286262322,-0.20117490133484472,-0.3638090830927597,-0.5040072666478549,-0.49576456825523096,-0.16359805427422083
-0.42573372244789776,-0.07705445170920465,-0.7263690379946617,2.75963972694862,-0.09022109121524252,-0.016033413856153925,-0.6661208380635453,-0.3548408667978765,-0.19193879286262322,-0.20117490133484472,-0.3638090830927597,-0.5040072666478549,2.0170864640838486,-0.16359805427422083
-1.2381671273760815,-0.20744781322119443,-0.908878162109783,-0.34811188214884425,-0.671428128015116,-0.016033413856153925,0.23698160759434397,-0.3548408667978765,-0.19193879286262322,-0.20117490133484472,-0.3638090830927597,-0.5040072666478549,-0.49576456825523096,-0.16359805427422083
-1.4412754786081272,-0.07705445170920465,0.47725297208276407,-0.13122474960310185,-1.0588994858816982,-0.8986066536444436,-0.6661208380635453,-0.3548408667978765,-0.19193879286262322,-0.20117490133484472,-0.3638090830927597,-0.5040072666478549,2.0170864640838486,6.112542135273893
-0.22262537121585182,-0.008022672085210049,0.09322229041220581,-0.34828675653240265,0.49098594558463093,-0.016033413856153925,2.9462889445680114,1.0606065292645237,-0.19193879286262322,-0.20117490133484472,0.5167469985371878,1.9840983774916294,-0.49576456825523096,-0.16359805427422083
-0.29032815495986714,0.14791244788765776,0.3938667165772264,-0.3480121794935459,0.6847216245179221,0.8665398259321357,2.0431864989101225,-0.3548408667978765,-0.19193879286262322,-0.20117490133484472,-0.3638090830927597,-0.5040072666478549,-0.49576456825523096,-0.16359805427422083
-1.373572694864112,-0.26374706460343006,1.93328711132237,-0.3484492168917992,-1.4463708437482805,-0.8986066536444436,-0.6661208380635453,-0.3548408667978765,-0.19193879286262322,-0.20117490133484472,-0.3638090830927597,-0.5040072666478549,-0.49576456825523096,-0.16359805427422083
-1.170464343632066,0.08401970074678275,-0.8226003385248736,-0.34831561506370146,-0.28395677014853365,-0.016033413856153925,1.1400840532522332,-0.3548408667978765,-0.19193879286262322,-0.20117490133484472,-0.3638090830927597,-0.5040072666478549,-0.49576456825523096,-0.16359805427422083
-0.8319504249119896,-0.18443722001319623,1.9977084714487094,-0.3479812585290521,0.29725026665133975,-0.8986066536444436,-0.6661208380635453,-0.3548408667978765,-0.19193879286262322,-0.20117490133484472,-0.3638090830927597,-0.5040072666478549,-0.49576456825523096,-0.16359805427422083
0.3189968987362706,-0.18558774967359615,-0.6423470071068713,-0.3485157066258031,-0.09022109121524252,-0.8986066536444436,-0.6661208380635453,-0.3548408667978765,-0.19193879286262322,-0.20117490133484472,-0.3638090830927597,-0.5040072666478549,-0.49576456825523096,-0.16359805427422083
-1.0350587761440355,0.00731772338678875,-0.8121197421865873,-0.3485235566921558,-0.28395677014853365,-0.8986066536444436,0.23698160759434397,-0.3548408667978765,-0.19193879286262322,-0.20117490133484472,-0.3638090830927597,-0.5040072666478549,-0.49576456825523096,-0.16359805427422083
0.6575108174563471,-0.33784117473318426,0.38649453986602933,-0.3484506659618925,0.29725026665133975,-0.8986066536444436,-0.6661208380635453,1.0606065292645237,-0.19193879286262322,-0.20117490133484472,0.5167469985371878,1.9840983774916294,-0.49576456825523096,-0.16359805427422083
0.04818576376020938,-0.07705445170920465,-0.894354394840649,-0.3408675933225015,-0.671428128015116,-0.8986066536444436,-0.6661208380635453,-0.3548408667978765,-0.19193879286262322,-0.20117490133484472,-0.3638090830927597,-0.5040072666478549,2.0170864640838486,-0.16359805427422083
1.3345386548965001,0.7129759150987335,0.36976603940401936,-0.34828698749813036,0.49098594558463093,-0.016033413856153925,-0.6661208380635453,-0.3548408667978765,-0.19193879286262322,-0.20117490133484472,-0.3638090830927597,-0.5040072666478549,-0.49576456825523096,-0.16359805427422083
0.7252136012003624,-0.24065976941807185,0.34953560728263583,-0.3477242364809923,1.2659286613177956,-0.8986066536444436,-0.6661208380635453,-0.3548408667978765,-0.19193879286262322,-0.20117490133484472,-0.3638090830927597,-0.5040072666478549,-0.49576456825523096,-0.16359805427422083
0.3866996824802859,-0.18581785560567612,-0.7052645717523278,-0.3482918149637536,0.10351458771804863,-0.016033413856153925,-0.6661208380635453,-0.3548408667978765,-0.19193879286262322,-0.20117490133484472,-0.3638090830927597,-0.5040072666478549,-0.49576456825523096,-0.16359805427422083
0.9960247361764236,-0.07191541922608505,-0.38994264842532556,-0.3482260385726269,1.2659286613177956,-0.016033413856153925,0.23698160759434397,-0.3548408667978765,-0.19193879286262322,-0.20117490133484472,-0.3638090830927597,-0.5040072666478549,-0.49576456825523096,-0.16359805427422083
-1.576681046096158,-0.2544661253428708,-0.17695542837097702,-0.3478212669348171,-0.4776924490818248,-0.016033413856153925,-0.6661208380635453,-0.3548408667978765,-0.19193879286262322,-0.20117490133484472,-0.3638090830927597,-0.5040072666478549,-0.49576456825523096,-0.16359805427422083
0.7252136012003624,-0.07705445170920465,-0.5873992811147365,3.1358934622555426,-0.28395677014853365,0.8665398259321357,-0.6661208380635453,-0.3548408667978765,-0.19193879286262322,-0.20117490133484472,-0.3638090830927597,-0.5040072666478549,2.0170864640838486,6.112542135273893
-1.7797893973282037,-0.10773524265320225,-0.908878162109783,-0.3485912770384794,-1.4463708437482805,-0.8986066536444436,0.23698160759434397,-0.3548408667978765,-0.19193879286262322,-0.20117490133484472,-0.3638090830927597,-0.5040072666478549,-0.49576456825523096,-0.16359805427422083
-0.7642476411679743,-0.0751369022752048,1.8350577371413095,-0.34846174234995964,-0.8651638069484071,-0.016033413856153925,0.23698160759434397,3.891501321389324,-0.19193879286262322,-0.20117490133484472,2.2778591617970823,1.9840983774916294,-0.49576456825523096,-0.16359805427422083
0.860619168688393,0.09751924876214169,-0.7588540126136346,-0.34777692634460916,-0.28395677014853365,1.7491130657204255,-0.6661208380635453,-0.3548408667978765,-0.19193879286262322,-0.20117490133484472,-0.3638090830927597,-0.5040072666478549,-0.49576456825523096,-0.16359805427422083
-1.4412754786081272,-0.18443722001319623,-0.48426924328542376,-0.3479313429100113,-0.671428128015116,0.8665398259321357,-0.6661208380635453,-0.3548408667978765,-0.19193879286262322,-0.20117490133484472,-0.3638090830927597,-0.5040072666478549,-0.49576456825523096,-0.16359805427422083
-1.7120866135841886,-0.42604844869717734,1.93328711132237,-0.34856275243843926,-1.6401065226815716,-0.8986066536444436,-0.6661208380635453,-0.3548408667978765,1.8548625173226418,-0.20117490133484472,0.5167469985371878,1.9840983774916294,-0.49576456825523096,-0.16359805427422083
1.8761609248486226,-0.07705445170920465,-0.9014492813535453,-0.3298337594425331,0.10351458771804863,-0.8986066536444436,0.23698160759434397,-0.3548408667978765,-0.19193879286262322,-0.20117490133484472,-0.3638090830927597,-0.5040072666478549,2.0170864640838486,-0.16359805427422083
1.1314303036644542,0.31650339412492456,-0.16333309938310017,-0.3485452852703396,-0.671428128015116,-0.016033413856153925,-0.6661208380635453,-0.3548408667978765,-0.19193879286262322,-0.20117490133484472,-0.3638090830927597,-0.5040072666478549,-0.49576456825523096,-0.16359805427422083
-0.22262537121585182,-0.07705445170920465,1.93328711132237,2.2741510362300104,-1.4463708437482805,-0.016033413856153925,2.0431864989101225,-0.3548408667978765,1.8548625173226418,2.7274904098602746,1.3973030801671351,1.9840983774916294,2.0170864640838486,-0.16359805427422083
-1.6443838298401732,-0.14608623133319926,-0.39169741280928017,-0.3483777585021303,0.8784573034512132,-0.8986066536444436,-0.6661208380635453,-0.3548408667978765,-0.19193879286262322,-0.20117490133484472,-0.3638090830927597,-0.5040072666478549,-0.49576456825523096,-0.16359805427422083
-0.29032815495986714,0.38377102826963927,1.5070137976101272,-0.34817029115971526,1.847135698117669,0.8665398259321357,1.1400840532522332,1.0606065292645237,-0.19193879286262322,-0.20117490133484472,0.5167469985371878,1.9840983774916294,-0.49576456825523096,-0.16359805427422083
0.3189968987362706,-0.07705445170920465,-0.8048466689462197,1.2259368176330117,-0.8651638069484071,0.8665398259321357,-0.6661208380635453,-0.3548408667978765,-0.19193879286262322,-0.20117490133484472,-0.3638090830927597,-0.5040072666478549,2.0170864640838486,6.112542135273893
-0.08721980372782123,-0.10390014378520254,0.9874311768293388,-0.3479925096919445,0.49098594558463093,-0.8986066536444436,-0.6661208380635453,1.0606065292645237,-0.19193879286262322,-0.20117490133484472,0.5167469985371878,1.9840983774916294,-0.49576456825523096,-0.16359805427422083
-0.5611392899359283,0.06691515979550408,-0.8390004068615383,-0.3484052573329767,1.0721929823845044,-0.016033413856153925,-0.6661208380635453,-0.3548408667978765,-0.19193879286262322,-0.20117490133484472,-0.3638090830927597,-0.5040072666478549,-0.49576456825523096,-0.16359805427422083
0.5898080337123318,-0.14608623133319926,1.9335974388531132,-0.34812281099689824,-0.28395677014853365,0.8665398259321357,-0.6661208380635453,-0.3548408667978765,-0.19193879286262322,-0.20117490133484472,-0.3638090830927597,-0.5040072666478549,-0.49576456825523096,-0.16359805427422083
-0.3580309387038825,-0.054043858501206445,0.2806777716712502,-0.3473911226109194,3.203285450650707,5.279406024873584,2.9462889445680114,-0.3548408667978765,-0.19193879286262322,-0.20117490133484472,-0.3638090830927597,-0.5040072666478549,-0.49576456825523096,-0.16359805427422083
0.4544024662243012,-0.07705445170920465,2.1974830781312193,2.626130337001002,1.0721929823845044,0.8665398259321357,-0.6661208380635453,-0.3548408667978765,-0.19193879286262322,-0.20117490133484472,-0.3638090830927597,-0.5040072666478549,2.0170864640838486,6.112542135273893
-0.6288420736799437,-0.314983985479906,1.93328711132237,-0.3485912770384794,-1.4463708437482805,-0.8986066536444436,2.0431864989101225,-0.3548408667978765,-0.19193879286262322,-0.20117490133484472,-0.3638090830927597,-0.5040072666478549,-0.49576456825523096,-0.16359805427422083
-1.373572694864112,0.020126953605907747,0.6386743276782031,-0.3484072694905077,-0.671428128015116,-0.8986066536444436,-0.6661208380635453,1.0606065292645237,1.8548625173226418,-0.20117490133484472,1.3973030801671351,1.9840983774916294,-0.49576456825523096,-0.16359805427422083
-1.7120866135841886,0.0360809648967865,-0.6934850915433682,-0.348523398740617,-0.671428128015116,-0.8986066536444436,-0.6661208380635453,-0.3548408667978765,-0.19193879286262322,-0.20117490133484472,-0.3638090830927597,-0.5040072666478549,-0.49576456825523096,-0.16359805427422083
0.3866996824802859,0.11592772332854025,-0.8658788802268446,-0.34835880975384925,-0.28395677014853365,-0.016033413856153925,0.23698160759434397,-0.3548408667978765,-0.19193879286262322,-0.20117490133484472,-0.3638090830927597,-0.5040072666478549,-0.49576456825523096,-0.16359805427422083
0.11588854750422468,0.12237068942677974,-0.8185593532193398,-0.34842620393342305,-0.09022109121524252,-0.016033413856153925,-0.6661208380635453,-0.3548408667978765,-0.19193879286262322,-0.20117490133484472,-0.3638090830927597,-0.5040072666478549,-0.49576456825523096,-0.16359805427422083
-0.6288420736799437,0.14538128263477795,-0.8632170784954841,-0.34833154795292565,-0.671428128015116,-0.016033413856153925,-0.6661208380635453,-0.3548408667978765,-0.19193879286262322,-0.20117490133484472,-0.3638090830927597,-0.5040072666478549,-0.49576456825523096,-0.16359805427422083
0.3189968987362706,-0.07705445170920465,-0.3221943317200036,1.6055007031039248,1.0721929823845044,0.8665398259321357,1.1400840532522332,-0.3548408667978765,-0.19193879286262322,-0.20117490133484472,-0.3638090830927597,-0.5040072666478549,2.0170864640838486,-0.16359805427422083
-1.7797893973282037,-0.11540544038920164,0.044431163975255136,-0.348321115833729,-0.671428128015116,-0.8986066536444436,1.1400840532522332,-0.3548408667978765,-0.19193879286262322,-0.20117490133484472,-0.3638090830927597,-0.5040072666478549,-0.49576456825523096,-0.16359805427422083
-0.7642476411679743,0.6332058586443398,-0.3974527525888699,-0.3483529293680773,0.6847216245179221,0.8665398259321357,1.1400840532522332,1.0606065292645237,-0.19193879286262322,-0.20117490133484472,0.5167469985371878,1.9840983774916294,-0.49576456825523096,-0.16359805427422083
-0.42573372244789776,-0.025280616991208697,1.042249214807078,-0.3478928549665171,0.10351458771804863,0.8665398259321357,0.23698160759434397,-0.3548408667978765,-0.19193879286262322,-0.20117490133484472,-0.3638090830927597,-0.5040072666478549,-0.49576456825523096,-0.16359805427422083
0.6575108174563471,-0.4912451294531722,-0.8983591254823295,1.058222542657492,-0.09022109121524252,0.8665398259321357,-0.6661208380635453,-0.3548408667978765,-0.19193879286262322,-0.20117490133484472,-0.3638090830927597,-0.5040072666478549,-0.49576456825523096,-0.16359805427422083
-0.5611392899359283,-0.33784117473318426,-0.8731485457107083,-0.3483696078123534,2.815814092784125,-0.8986066536444436,-0.6661208380635453,-0.3548408667978765,-0.19193879286262322,-0.20117490133484472,-0.3638090830927597,-0.5040072666478549,-0.49576456825523096,-0.16359805427422083
-0.22262537121585182,0.06998323888990385,-0.9002581127153414,-0.34817513353646157,0.29725026665133975,-0.016033413856153925,-0.6661208380635453,-0.3548408667978765,-0.19193879286262322,-0.20117490133484472,-0.3638090830927597,-0.5040072666478549,-0.49576456825523096,-0.16359805427422083
-0.08721980372782123,-0.19210741774919565,1.7503610983632523,-0.34825186148768594,-0.8651638069484071,-0.8986066536444436,-0.6661208380635453,1.0606065292645237,-0.19193879286262322,-0.20117490133484472,0.5167469985371878,1.9840983774916294,-0.49576456825523096,-0.16359805427422083
1.2668358711524847,-0.10773524265320225,-0.4704559236142385,-0.3474044945461967,2.428342734917542,0.8665398259321357,-0.6661208380635453,-0.3548408667978765,-0.19193879286262322,-0.20117490133484472,-0.3638090830927597,-0.5040072666478549,-0.49576456825523096,-0.16359805427422083
0.04818576376020938,0.3275484788647637,-0.8995279859630715,-0.34836183613146,0.49098594558463093,0.8665398259321357,0.23698160759434397,-0.3548408667978765,-0.19193879286262322,-0.20117490133484472,-0.3638090830927597,-0.5040072666478549,-0.49576456825523096,-0.16359805427422083
0.11588854750422468,0.35247662150676173,1.8494477037824861,-0.3481905846796715,0.8784573034512132,0.8665398259321357,2.0431864989101225,-0.3548408667978765,3.9016638275079067,2.7274904098602746,2.2778591617970823,1.9840983774916294,-0.49576456825523096,-0.16359805427422083
0.4544024662243012,0.00731772338678875,-0.7917007380647849,-0.34849657038841003,-0.671428128015116,-0.8986066536444436,-0.6661208380635453,-0.3548408667978765,-0.19193879286262322,-0.20117490133484472,-0.3638090830927597,-0.5040072666478549,-0.49576456825523096,-0.16359805427422083
0.6575108174563471,0.37541051273739995,0.1915316573428861,-0.3481532435983876,0.6847216245179221,0.8665398259321357,-0.6661208380635453,1.0606065292645237,-0.19193879286262322,-0.20117490133484472,0.5167469985371878,1.9840983774916294,-0.49576456825523096,-0.16359805427422083
-0.08721980372782123,-0.07705445170920465,0.22103568346003036,2.552203650005214,1.6534000191843778,-0.8986066536444436,0.23698160759434397,-0.3548408667978765,-0.19193879286262322,-0.20117490133484472,-0.3638090830927597,-0.5040072666478549,2.0170864640838486,-0.16359805427422083
-0.7642476411679743,-0.13795582173303989,1.8095179948077953,-0.3478617554845216,0.10351458771804863,0.8665398259321357,1.1400840532522332,1.0606065292645237,-0.19193879286262322,-0.20117490133484472,0.5167469985371878,1.9840983774916294,-0.49576456825523096,-0.16359805427422083
-0.22262537121585182,-0.12691073699320074,1.7840793568296631,-0.3475401481785972,0.8784573034512132,1.7491130657204255,1.1400840532522332,3.891501321389324,12.088869068248966,5.656155721055394,9.322307814836662,1.9840983774916294,-0.49576456825523096,-0.16359805427422083
-0.9673559924000202,-0.32633587812918513,0.2560950575351347,-0.3477279603293103,-0.09022109121524252,-0.016033413856153925,0.23698160759434397,-0.3548408667978765,-0.19193879286262322,-0.20117490133484472,-0.3638090830927597,-0.5040072666478549,-0.49576456825523096,-0.16359805427422083
-0.49343650619191304,-0.06938425397320525,0.12839464056822686,-0.3480966499819982,0.10351458771804863,0.8665398259321357,-0.6661208380635453,1.0606065292645237,-0.19193879286262322,-0.20117490133484472,0.5167469985371878,1.9840983774916294,-0.49576456825523096,-0.16359805427422083
-1.373572694864112,-0.027888484221448493,-0.6779401398737022,-0.3485322911346378,-1.0588994858816982,-0.8986066536444436,-0.6661208380635453,-0.3548408667978765,-0.19193879286262322,-0.20117490133484472,-0.3638090830927597,-0.5040072666478549,-0.49576456825523096,-0.16359805427422083
0.5898080337123318,-0.2195667256440735,-0.6521631705075871,-0.3480179412159515,0.49098594558463093,-0.016033413856153925,0.23698160759434397,1.0606065292645237,-0.19193879286262322,-0.20117490133484472,0.5167469985371878,1.9840983774916294,-0.49576456825523096,-0.16359805427422083
0.7252136012003624,-0.15789833584663832,-0.8493607199112595,-0.3482097759494145,1.2659286613177956,0.8665398259321357,-0.6661208380635453,-0.3548408667978765,-0.19193879286262322,-0.20117490133484472,-0.3638090830927597,-0.5040072666478549,-0.49576456825523096,-0.16359805427422083
0.6575108174563471,-0.07705445170920465,-0.2735827249861707,-0.261423989386729,-0.09022109121524252,-0.8986066536444436,1.1400840532522332,1.0606065292645237,-0.19193879286262322,-0.20117490133484472,0.5167469985371878,1.9840983774916294,2.0170864640838486,-0.16359805427422083
0.7929163849443778,-0.07705445170920465,-0.06656119622649895,0.4337075450512804,-0.09022109121524252,-0.8986066536444436,-0.6661208380635453,-0.3548408667978765,-0.19193879286262322,-0.20117490133484472,-0.3638090830927597,-0.5040072666478549,2.0170864640838486,-0.16359805427422083
0.18359133124823998,0.21188189700589274,-0.886129724781263,-0.34773810460888255,1.2659286613177956,1.7491130657204255,-0.6661208380635453,-0.3548408667978765,-0.19193879286262322,-0.20117490133484472,-0.3638090830927597,-0.5040072666478549,-0.49576456825523096,-0.16359805427422083
-0.696544857423959,-0.16418789799015782,1.93328711132237,-0.3480795555048089,-1.0588994858816982,-0.016033413856153925,0.23698160759434397,-0.3548408667978765,-0.19193879286262322,-0.20117490133484472,-0.3638090830927597,-0.5040072666478549,-0.49576456825523096,-0.16359805427422083
-0.22262537121585182,-0.07705445170920465,1.93328711132237,-0.24597662195477324,-1.6401065226815716,-0.8986066536444436,-0.6661208380635453,-0.3548408667978765,-0.19193879286262322,-0.20117490133484472,-0.3638090830927597,-0.5040072666478549,2.0170864640838486,-0.16359805427422083
0.6575108174563471,-0.17162798979407726,-0.8667654141919173,-0.3485846588555442,-1.0588994858816982,-0.8986066536444436,-0.6661208380635453,-0.3548408667978765,-0.19193879286262322,-0.20117490133484472,-0.3638090830927597,-0.5040072666478549,-0.49576456825523096,-0.16359805427422083
1.8761609248486226,-0.07705445170920465,-0.14630412517833566,2.1461585632223765,0.10351458771804863,-0.016033413856153925,-0.6661208380635453,-0.3548408667978765,-0.19193879286262322,-0.20117490133484472,-0.3638090830927597,-0.5040072666478549,2.0170864640838486,-0.16359805427422083
-0.49343650619191304,-0.13281678924992027,-0.8113140507786362,-0.34842791775263665,0.10351458771804863,-0.016033413856153925,2.0431864989101225,-0.3548408667978765,-0.19193879286262322,-0.20117490133484472,-0.3638090830927597,-0.5040072666478549,-0.49576456825523096,-0.16359805427422083
-0.019517019983805926,-0.07705445170920465,-0.4785528155944838,1.1354593798172707,-0.8651638069484071,-0.016033413856153925,-0.6661208380635453,-0.3548408667978765,-0.19193879286262322,-0.20117490133484472,-0.3638090830927597,-0.5040072666478549,2.0170864640838486,6.112542135273893
-0.6288420736799437,-0.4912451294531722,0.8160008794277397,0.7547921109583609,-0.09022109121524252,-0.8986066536444436,2.0431864989101225,-0.3548408667978765,-0.19193879286262322,-0.20117490133484472,-0.3638090830927597,-0.5040072666478549,-0.49576456825523096,-0.16359805427422083
-0.42573372244789776,0.025572793998467323,-0.908878162109783,-0.3483550131671882,-0.8651638069484071,0.8665398259321357,2.0431864989101225,-0.3548408667978765,-0.19193879286262322,-0.20117490133484472,-0.3638090830927597,-0.5040072666478549,-0.49576456825523096,-0.16359805427422083
1.3345386548965001,-0.07705445170920465,1.93328711132237,1.4764048467082944,-0.671428128015116,-0.016033413856153925,-0.6661208380635453,-0.3548408667978765,1.8548625173226418,-0.20117490133484472,0.5167469985371878,1.9840983774916294,2.0170864640838486,-0.16359805427422083
-1.2381671273760815,0.6592845309467378,-0.9055222239686093,-0.3483085355054161,0.6847216245179221,1.7491130657204255,0.23698160759434397,-0.3548408667978765,-0.19193879286262322,-0.20117490133484472,-0.3638090830927597,-0.5040072666478549,-0.49576456825523096,-0.16359805427422083
0.7929163849443778,0.5058805762267498,0.5393463939814691,-0.34832767356118505,0.10351458771804863,0.8665398259321357,2.9462889445680114,-0.3548408667978765,-0.19193879286262322,-0.20117490133484472,-0.3638090830927597,-0.5040072666478549,-0.49576456825523096,-0.16359805427422083
-1.7120866135841886,-0.07705445170920465,-0.4411890648442178,-0.34813999507102544,-0.671428128015116,0.8665398259321357,-0.6661208380635453,-0.3548408667978765,-0.19193879286262322,-0.20117490133484472,-0.3638090830927597,-0.5040072666478549,-0.49576456825523096,-0.16359805427422083
-0.15492258747183654,0.16072167810677673,0.6266426138024987,-0.3483316879579336,0.49098594558463093,1.7491130657204255,1.1400840532522332,-0.3548408667978765,-0.19193879286262322,-0.20117490133484472,-0.3638090830927597,-0.5040072666478549,-0.49576456825523096,-0.16359805427422083
0.5221052499683165,-0.0750602002978448,0.6162641933160097,-0.34828793301494015,1.6534000191843778,-0.016033413856153925,-0.6661208380635453,-0.3548408667978765,-0.19193879286262322,-0.20117490133484472,-0.3638090830927597,-0.5040072666478549,-0.49576456825523096,-0.16359805427422083
0.7252136012003624,-0.07705445170920465,-0.9051786288900141,0.14462109739610823,0.8784573034512132,-0.016033413856153925,-0.6661208380635453,2.476053925326924,-0.19193879286262322,-0.20117490133484472,1.3973030801671351,1.9840983774916294,2.0170864640838486,-0.16359805427422083
-0.49343650619191304,-0.07705445170920465,1.4168529136488948,0.2339951518238523,-0.4776924490818248,-0.8986066536444436,-0.6661208380635453,-0.3548408667978765,-0.19193879286262322,-0.20117490133484472,-0.3638090830927597,-0.5040072666478549,2.0170864640838486,-0.16359805427422083
-1.9151949648162345,-0.40533891480997897,1.93328711132237,-0.3485912770384794,-1.6401065226815716,-0.8986066536444436,-0.6661208380635453,-0.3548408667978765,-0.19193879286262322,-0.20117490133484472,-0.3638090830927597,-0.5040072666478549,-0.49576456825523096,-0.16359805427422083
-1.6443838298401732,-0.2184161959836736,-0.0028922255352424073,-0.3484914205318149,-1.2526351648149894,-0.8986066536444436,-0.6661208380635453,-0.3548408667978765,-0.19193879286262322,-0.20117490133484472,-0.3638090830927597,-0.5040072666478549,-0.49576456825523096,-0.16359805427422083
-0.49343650619191304,-0.06938425397320525,-0.24428353942509737,-0.34844706095899924,0.29725026665133975,-0.8986066536444436,0.23698160759434397,-0.3548408667978765,-0.19193879286262322,-0.20117490133484472,-0.3638090830927597,-0.5040072666478549,-0.49576456825523096,-0.16359805427422083
-0.696544857423959,0.2840584577016471,-0.908878162109783,-0.3481862265138979,-0.4776924490818248,0.8665398259321357,1.1400840532522332,3.891501321389324,3.9016638275079067,-0.20117490133484472,4.038971325056977,1.9840983774916294,-0.49576456825523096,-0.16359805427422083
-0.5611392899359283,-0.07705445170920465,-0.693425204272903,-0.2967322578026279,-1.2526351648149894,-0.8986066536444436,2.0431864989101225,-0.3548408667978765,-0.19193879286262322,-0.20117490133484472,-0.3638090830927597,-0.5040072666478549,2.0170864640838486,-0.16359805427422083
-0.08721980372782123,-0.20361271435319475,1.0067878505198309,-0.34787882847442275,1.6534000191843778,-0.8986066536444436,-0.6661208380635453,-0.3548408667978765,-0.19193879286262322,-0.20117490133484472,-0.3638090830927597,-0.5040072666478549,-0.49576456825523096,-0.16359805427422083
0.3866996824802859,-0.07705445170920465,-0.908878162109783,-0.3485912770384794,-0.4776924490818248,-0.8986066536444436,-0.6661208380635453,-0.3548408667978765,-0.19193879286262322,-0.20117490133484472,-0.3638090830927597,-0.5040072666478549,2.0170864640838486,-0.16359805427422083
0.860619168688393,0.42917859886675574,-0.718258526357064,-0.34858594446269864,-0.4776924490818248,-0.8986066536444436,0.23698160759434397,-0.3548408667978765,-0.19193879286262322,-0.20117490133484472,-0.3638090830927597,-0.5040072666478549,-0.49576456825523096,-0.16359805427422083
-0.08721980372782123,0.22285027976837188,-0.7223258755903106,-0.34858558888416125,-0.4776924490818248,-0.8986066536444436,0.23698160759434397,-0.3548408667978765,-0.19193879286262322,-0.20117490133484472,-0.3638090830927597,-0.5040072666478549,-0.49576456825523096,-0.16359805427422083
0.04818576376020938,-0.03410134438760801,1.0754134954159846,-0.3482655003634028,-1.0588994858816982,-0.016033413856153925,2.0431864989101225,-0.3548408667978765,1.8548625173226418,5.656155721055394,2.2778591617970823,1.9840983774916294,-0.49576456825523096,-0.16359805427422083
-0.9673559924000202,0.03032831659478695,1.9848610702687879,-0.3483229347182122,0.49098594558463093,-0.8986066536444436,-0.6661208380635453,-0.3548408667978765,-0.19193879286262322,2.7274904098602746,0.5167469985371878,1.9840983774916294,-0.49576456825523096,-0.16359805427422083
-0.019517019983805926,0.12873695354765924,-0.704487174102503,-0.3482463673622332,-0.28395677014853365,-0.016033413856153925,2.0431864989101225,-0.3548408667978765,-0.19193879286262322,-0.20117490133484472,-0.3638090830927597,-0.5040072666478549,-0.49576456825523096,-0.16359805427422083
-1.373572694864112,0.008928464911348624,-0.5219175374404937,-0.3484811417144994,-0.09022109121524252,-0.8986066536444436,-0.6661208380635453,-0.3548408667978765,-0.19193879286262322,-0.20117490133484472,-0.3638090830927597,-0.5040072666478549,-0.49576456825523096,-0.16359805427422083
0.7929163849443778,-0.18811891492647595,-0.3986732580599598,-0.34830684808023654,-0.28395677014853365,-0.016033413856153925,-0.6661208380635453,-0.3548408667978765,-0.19193879286262322,-0.20117490133484472,-0.3638090830927597,-0.5040072666478549,-0.49576456825523096,-0.16359805427422083
2.7562971135208216,-0.23559743891231225,-0.853738396675249,-0.34858531995983827,-0.8651638069484071,-0.8986066536444436,-0.6661208380635453,-0.3548408667978765,-0.19193879286262322,-0.20117490133484472,-0.3638090830927597,-0.5040072666478549,-0.49576456825523096,-0.16359805427422083
0.9960247361764236,-0.07705445170920465,1.93328711132237,0.4303973948872899,-1.2526351648149894,-0.8986066536444436,-0.6661208380635453,2.476053925326924,5.948465137693172,5.656155721055394,5.800083488316872,1.9840983774916294,2.0170864640838486,-0.16359805427422083
-0.22262537121585182,-0.054043858501206445,0.5656723560466995,-0.348146710884633,0.49098594558463093,0.8665398259321357,1.1400840532522332,-0.3548408667978765,-0.19193879286262322,-0.20117490133484472,-0.3638090830927597,-0.5040072666478549,-0.49576456825523096,-0.16359805427422083
-0.49343650619191304,-0.17676702227719684,0.8115968188408785,-0.34806797035990217,-0.8651638069484071,-0.016033413856153925,1.1400840532522332,-0.3548408667978765,-0.19193879286262322,-0.20117490133484472,-0.3638090830927597,-0.5040072666478549,-0.49576456825523096,-0.16359805427422083
0.4544024662243012,0.028717575070227076,0.08836756468586163,-0.3482242962806051,0.8784573034512132,0.8665398259321357,0.23698160759434397,1.0606065292645237,-0.19193879286262322,-0.20117490133484472,0.5167469985371878,1.9840983774916294,-0.49576456825523096,-0.16359805427422083
0.18359133124823998,0.13525662162325874,-0.3275796812294642,-0.3484096084547508,-0.09022109121524252,-0.016033413856153925,-0.6661208380635453,-0.3548408667978765,-0.19193879286262322,-0.20117490133484472,-0.3638090830927597,-0.5040072666478549,-0.49576456825523096,-0.16359805427422083
-1.2381671273760815,-0.2876013795623882,1.5726954108928803,-0.34642522245034885,0.49098594558463093,-0.8986066536444436,1.1400840532522332,-0.3548408667978765,-0.19193879286262322,-0.20117490133484472,-0.3638090830927597,-0.5040072666478549,-0.49576456825523096,-0.16359805427422083
0.3189968987362706,0.036694580715666454,0.623796804588605,-0.34829571646783086,-0.28395677014853365,0.8665398259321357,-0.6661208380635453,-0.3548408667978765,-0.19193879286262322,-0.20117490133484472,-0.3638090830927597,-0.5040072666478549,-0.49576456825523096,-0.16359805427422083
-0.5611392899359283,-0.12307563812520105,-0.8600529325283062,-0.34708868995447406,1.847135698117669,2.631686305508715,2.9462889445680114,-0.3548408667978765,-0.19193879286262322,-0.20117490133484472,-0.3638090830927597,-0.5040072666478549,-0.49576456825523096,-0.16359805427422083
0.5221052499683165,-0.07705445170920465,-0.8999943426985982,1.396961242772522,1.0721929823845044,-0.016033413856153925,0.23698160759434397,-0.3548408667978765,-0.19193879286262322,-0.20117490133484472,-0.3638090830927597,-0.5040072666478549,2.0170864640838486,-0.16359805427422083
1.4022414386405155,-0.2678889713808697,1.93328711132237,-0.3485912770384794,-1.4463708437482805,-0.8986066536444436,-0.6661208380635453,-0.3548408667978765,-0.19193879286262322,-0.20117490133484472,-0.3638090830927597,-0.5040072666478549,-0.49576456825523096,-0.16359805427422083
0.2512941149922553,0.10503604254342111,-0.908878162109783,-0.3482431613538069,-0.4776924490818248,0.8665398259321357,1.1400840532522332,-0.3548408667978765,-0.19193879286262322,-0.20117490133484472,-0.3638090830927597,-0.5040072666478549,-0.49576456825523096,-0.16359805427422083
-1.2381671273760815,-0.2994901860531872,-0.4482989324117685,-0.34813157072451406,-0.28395677014853365,-0.8986066536444436,-0.6661208380635453,-0.3548408667978765,-0.19193879286262322,-0.20117490133484472,-0.3638090830927597,-0.5040072666478549,-0.49576456825523096,-0.16359805427422083
0.3866996824802859,-0.10773524265320225,-0.9043680375886415,-0.34836049539044434,-0.09022109121524252,0.8665398259321357,0.23698160759434397,-0.3548408667978765,-0.19193879286262322,-0.20117490133484472,-0.3638090830927597,-0.5040072666478549,-0.49576456825523096,-0.16359805427422083
1.4699442223845307,-0.2091352567231143,-0.8008130476916459,-0.3484374211871372,1.4596643402510867,-0.016033413856153925,-0.6661208380635453,-0.3548408667978765,-0.19193879286262322,-0.20117490133484472,-0.3638090830927597,-0.5040072666478549,-0.49576456825523096,-0.16359805427422083
0.860619168688393,-0.10673811694752232,1.388089970832245,-0.3481601785031109,0.10351458771804863,-0.016033413856153925,-0.6661208380635453,-0.3548408667978765,-0.19193879286262322,-0.20117490133484472,-0.3638090830927597,-0.5040072666478549,-0.49576456825523096,-0.16359805427422083
-1.576681046096158,-0.3103818668383064,-0.13253713564790567,-0.34825778303407173,0.49098594558463093,-0.8986066536444436,-0.6661208380635453,-0.3548408667978765,-0.19193879286262322,-0.20117490133484472,-0.3638090830927597,-0.5040072666478549,-0.49576456825523096,-0.16359805427422083
0.9960247361764236,-0.06171405623720585,-0.908878162109783,-0.34820082785549683,0.49098594558463093,-0.016033413856153925,-0.6661208380635453,-0.3548408667978765,-0.19193879286262322,-0.20117490133484472,-0.3638090830927597,-0.5040072666478549,-0.49576456825523096,-0.16359805427422083
-1.576681046096158,-0.07705445170920465,0.6942240953895866,0.7956172963142439,0.10351458771804863,-0.8986066536444436,-0.6661208380635453,1.0606065292645237,-0.19193879286262322,-0.20117490133484472,0.5167469985371878,1.9840983774916294,2.0170864640838486,6.112542135273893
-0.49343650619191304,-0.02090860428168904,1.821646839691432,-0.3480868115205793,0.6847216245179221,-0.8986066536444436,2.9462889445680114,5.306948717451724,3.9016638275079067,5.656155721055394,6.68063956994682,1.9840983774916294,-0.49576456825523096,-0.16359805427422083
-0.49343650619191304,-0.10006504491720285,-0.8069024357157227,-0.3479603087298973,0.49098594558463093,-0.016033413856153925,2.0431864989101225,-0.3548408667978765,-0.19193879286262322,-0.20117490133484472,-0.3638090830927597,-0.5040072666478549,-0.49576456825523096,-0.16359805427422083
1.1991330874084696,-0.2994901860531872,-0.8875544057416833,-0.34856480642523446,0.6847216245179221,-0.016033413856153925,-0.6661208380635453,-0.3548408667978765,-0.19193879286262322,-0.20117490133484472,-0.3638090830927597,-0.5040072666478549,-0.49576456825523096,-0.16359805427422083
-0.15492258747183654,0.07957098605990309,-0.908878162109783,-0.34858653321593724,0.10351458771804863,-0.8986066536444436,-0.6661208380635453,-0.3548408667978765,-0.19193879286262322,-0.20117490133484472,-0.3638090830927597,-0.5040072666478549,-0.49576456825523096,-0.16359805427422083
1.537647006128546,-0.28675765781142826,-0.908878162109783,-0.3485908633215679,-0.28395677014853365,-0.8986066536444436,-0.6661208380635453,-0.3548408667978765,-0.19193879286262322,-0.20117490133484472,-0.3638090830927597,-0.5040072666478549,-0.49576456825523096,-0.16359805427422083
0.04818576376020938,0.18626343656765473,0.6443399289224755,-0.3482589130818227,-0.09022109121524252,-0.016033413856153925,1.1400840532522332,1.0606065292645237,-0.19193879286262322,-0.20117490133484472,0.5167469985371878,1.9840983774916294,-0.49576456825523096,-0.16359805427422083
-1.6443838298401732,-0.0662394729014455,1.5561096923019901,-0.34839039038382524,-0.8651638069484071,-0.8986066536444436,-0.6661208380635453,-0.3548408667978765,-0.19193879286262322,-0.20117490133484472,-0.3638090830927597,-0.5040072666478549,-0.49576456825523096,-0.16359805427422083
0.3866996824802859,-0.09699696582280308,-0.6964596110667054,-0.34817791068845294,-0.671428128015116,0.8665398259321357,-0.6661208380635453,-0.3548408667978765,-0.19193879286262322,-0.20117490133484472,-0.3638090830927597,-0.5040072666478549,-0.49576456825523096,-0.16359805427422083
-0.29032815495986714,-0.2349071211160723,-0.2644976688848421,-0.34760407401372395,-0.4776924490818248,0.8665398259321357,-0.6661208380635453,-0.3548408667978765,-0.19193879286262322,-0.20117490133484472,-0.3638090830927597,-0.5040072666478549,-0.49576456825523096,-0.16359805427422083
-1.4412754786081272,-0.07705445170920465,1.93328711132237,-0.3485912770384794,-1.6401065226815716,-0.8986066536444436,-0.6661208380635453,-0.3548408667978765,-0.19193879286262322,-0.20117490133484472,-0.3638090830927597,-0.5040072666478549,2.0170864640838486,-0.16359805427422083
-1.2381671273760815,-0.07705445170920465,1.93328711132237,-0.3485912770384794,-1.6401065226815716,-0.8986066536444436,2.0431864989101225,-0.3548408667978765,-0.19193879286262322,-0.20117490133484472,-0.3638090830927597,-0.5040072666478549,2.0170864640838486,-0.16359805427422083
0.3866996824802859,-0.11003630197400206,-0.18619996690824198,-0.348043913643873,0.8784573034512132,-0.016033413856153925,1.1400840532522332,-0.3548408667978765,-0.19193879286262322,-0.20117490133484472,-0.3638090830927597,-0.5040072666478549,-0.49576456825523096,-0.16359805427422083
-1.6443838298401732,-0.30716038378918664,-0.6171504846860982,-0.34837115182307027,0.10351458771804863,-0.8986066536444436,-0.6661208380635453,-0.3548408667978765,-0.19193879286262322,-0.20117490133484472,-0.3638090830927597,-0.5040072666478549,-0.49576456825523096,-0.16359805427422083
0.9283219524324083,0.29111503961876656,-0.8120754299833779,-0.3483933364836742,3.3970211295839983,0.8665398259321357,0.23698160759434397,-0.3548408667978765,-0.19193879286262322,-0.20117490133484472,-0.3638090830927597,-0.5040072666478549,-0.49576456825523096,-0.16359805427422083
1.8761609248486226,-0.07705445170920465,-0.8894327901165677,-0.34528112687448886,-1.0588994858816982,-0.8986066536444436,-0.6661208380635453,-0.3548408667978765,-0.19193879286262322,-0.20117490133484472,-0.3638090830927597,-0.5040072666478549,2.0170864640838486,-0.16359805427422083
-1.7797893973282037,-0.011857770953209749,-0.908878162109783,-0.3485905709856562,-1.0588994858816982,-0.8986066536444436,-0.6661208380635453,-0.3548408667978765,-0.19193879286262322,-0.20117490133484472,-0.3638090830927597,-0.5040072666478549,-0.49576456825523096,-0.16359805427422083
-0.15492258747183654,-0.07705445170920465,0.09646689240198977,-0.18198038545095652,0.8784573034512132,-0.8986066536444436,-0.6661208380635453,-0.3548408667978765,3.9016638275079067,-0.20117490133484472,1.3973030801671351,1.9840983774916294,2.0170864640838486,6.112542135273893
-0.5611392899359283,-0.3225007792611854,1.93328711132237,-0.3485912770384794,-1.6401065226815716,-0.8986066536444436,2.0431864989101225,-0.3548408667978765,1.8548625173226418,-0.20117490133484472,0.5167469985371878,1.9840983774916294,-0.49576456825523096,-0.16359805427422083
0.9283219524324083,-0.17101437397519728,1.7606402249538196,-0.348129948639492,-0.28395677014853365,-0.016033413856153925,-0.6661208380635453,-0.3548408667978765,-0.19193879286262322,2.7274904098602746,0.5167469985371878,1.9840983774916294,-0.49576456825523096,-0.16359805427422083
-1.2381671273760815,-0.24579880190119144,-0.908878162109783,-0.34815075096262993,0.10351458771804863,-0.016033413856153925,-0.6661208380635453,2.476053925326924,-0.19193879286262322,-0.20117490133484472,1.3973030801671351,1.9840983774916294,-0.49576456825523096,-0.16359805427422083
-0.08721980372782123,-0.4912451294531722,-0.8641800041864156,2.871081449136301,-0.09022109121524252,0.8665398259321357,-0.6661208380635453,-0.3548408667978765,-0.19193879286262322,-0.20117490133484472,-0.3638090830927597,-0.5040072666478549,-0.49576456825523096,-0.16359805427422083
-0.6288420736799437,-0.2994901860531872,-0.908878162109783,-0.3485903946848517,-0.671428128015116,-0.8986066536444436,-0.6661208380635453,-0.3548408667978765,-0.19193879286262322,-0.20117490133484472,-0.3638090830927597,-0.5040072666478549,-0.49576456825523096,-0.16359805427422083
-0.08721980372782123,-0.07705445170920465,-0.694301367175856,2.4793803463974227,-0.09022109121524252,0.8665398259321357,-0.6661208380635453,-0.3548408667978765,-0.19193879286262322,-0.20117490133484472,-0.3638090830927597,-0.5040072666478549,2.0170864640838486,-0.16359805427422083
-1.7797893973282037,-0.38999851933798013,-0.908878162109783,-0.3485795833460251,-1.0588994858816982,-0.8986066536444436,-0.6661208380635453,-0.3548408667978765,-0.19193879286262322,-0.20117490133484472,-0.3638090830927597,-0.5040072666478549,-0.49576456825523096,-0.16359805427422083
1.6053497898725613,2.919845207700481,2.1974830781312193,-0.3482785694585585,2.234607055984251,7.044552504450164,-0.6661208380635453,-0.3548408667978765,-0.19193879286262322,-0.20117490133484472,-0.3638090830927597,-0.5040072666478549,-0.49576456825523096,-0.16359805427422083
0.3189968987362706,-0.26880939510918966,-0.5505319259477761,-0.3470854877129987,0.10351458771804863,0.8665398259321357,1.1400840532522332,-0.3548408667978765,-0.19193879286262322,-0.20117490133484472,-0.3638090830927597,-0.5040072666478549,-0.49576456825523096,-0.16359805427422083
-2.1183033160482805,-0.42834950801797717,1.93328711132237,-0.3485912770384794,-1.4463708437482805,-0.8986066536444436,-0.6661208380635453,-0.3548408667978765,-0.19193879286262322,-0.20117490133484472,-0.3638090830927597,-0.5040072666478549,-0.49576456825523096,-0.16359805427422083
0.9960247361764236,0.62998437559522,-0.7206452604635895,-0.3483168463656358,1.6534000191843778,0.8665398259321357,-0.6661208380635453,-0.3548408667978765,-0.19193879286262322,-0.20117490133484472,-0.3638090830927597,-0.5040072666478549,-0.49576456825523096,-0.16359805427422083
-0.08721980372782123,0.7129759150987335,0.22871148871775102,-0.3482196643157607,-0.4776924490818248,1.7491130657204255,2.0431864989101225,-0.3548408667978765,-0.19193879286262322,-0.20117490133484472,-0.3638090830927597,-0.5040072666478549,-0.49576456825523096,-0.16359805427422083
1.3345386548965001,-0.07705445170920465,-0.7847751621963235,-0.30997285845858996,-0.8651638069484071,-0.8986066536444436,-0.6661208380635453,-0.3548408667978765,-0.19193879286262322,-0.20117490133484472,-0.3638090830927597,-0.5040072666478549,2.0170864640838486,-0.16359805427422083
0.9960247361764236,-0.17699712820927682,-0.5397182249639677,-0.34833602875865943,-0.4776924490818248,-0.016033413856153925,-0.6661208380635453,-0.3548408667978765,-0.19193879286262322,-0.20117490133484472,-0.3638090830927597,-0.5040072666478549,-0.49576456825523096,-0.16359805427422083
-1.7120866135841886,-0.22278820869319324,-0.908878162109783,-0.34833977748275585,-0.671428128015116,-0.8986066536444436,1.1400840532522332,-0.3548408667978765,-0.19193879286262322,2.7274904098602746,0.5167469985371878,1.9840983774916294,-0.49576456825523096,-0.16359805427422083
-0.8319504249119896,-0.07705445170920465,-0.6328673333708565,-0.1952209861069186,-1.0588994858816982,-0.8986066536444436,0.23698160759434397,-0.3548408667978765,-0.19193879286262322,-0.20117490133484472,-0.3638090830927597,-0.5040072666478549,2.0170864640838486,-0.16359805427422083
-1.3058699111200966,0.00731772338678875,1.6092887244567724,-0.3478582339912001,-0.28395677014853365,0.8665398259321357,0.23698160759434397,-0.3548408667978765,-0.19193879286262322,-0.20117490133484472,-0.3638090830927597,-0.5040072666478549,-0.49576456825523096,-0.16359805427422083
-0.696544857423959,-0.07705445170920465,1.93328711132237,-0.3485912770384794,-1.4463708437482805,-0.8986066536444436,2.0431864989101225,1.0606065292645237,1.8548625173226418,-0.20117490133484472,1.3973030801671351,1.9840983774916294,2.0170864640838486,-0.16359805427422083
0.5898080337123318,0.31987828112876426,-0.908878162109783,-0.3485911726584109,-0.4776924490818248,-0.8986066536444436,-0.6661208380635453,-0.3548408667978765,-0.19193879286262322,-0.20117490133484472,-0.3638090830927597,-0.5040072666478549,-0.49576456825523096,-0.16359805427422083
-0.3580309387038825,-0.2157316267760738,-0.908878162109783,-0.3480928658944642,-0.4776924490818248,0.8665398259321357,1.1400840532522332,-0.3548408667978765,-0.19193879286262322,-0.20117490133484472,-0.3638090830927597,-0.5040072666478549,-0.49576456825523096,-0.16359805427422083
-1.2381671273760815,6.291510728491097,-0.830827987173764,-0.34858260528913804,-0.09022109121524252,-0.8986066536444436,-0.6661208380635453,-0.3548408667978765,-0.19193879286262322,-0.20117490133484472,-0.3638090830927597,-0.5040072666478549,-0.49576456825523096,-0.16359805427422083
1.3345386548965001,0.12237068942677974,-0.7252572453561518,-0.34835449297709,-0.4776924490818248,0.8665398259321357,-0.6661208380635453,-0.3548408667978765,-0.19193879286262322,-0.20117490133484472,-0.3638090830927597,-0.5040072666478549,-0.49576456825523096,-0.16359805427422083
-1.2381671273760815,-0.10773524265320225,1.8353600867133324,-0.3482510616450679,-0.4776924490818248,-0.8986066536444436,2.0431864989101225,-0.3548408667978765,-0.19193879286262322,-0.20117490133484472,-0.3638090830927597,-0.5040072666478549,-0.49576456825523096,-0.16359805427422083
0.2512941149922553,-0.07705445170920465,-0.4291446038559875,1.6021905529399343,-1.0588994858816982,0.8665398259321357,-0.6661208380635453,-0.3548408667978765,-0.19193879286262322,-0.20117490133484472,-0.3638090830927597,-0.5040072666478549,2.0170864640838486,-0.16359805427422083
-0.9673559924000202,0.2757746441467677,-0.4651790140894645,-0.3483077358614071,-0.671428128015116,-0.016033413856153925,1.1400840532522332,-0.3548408667978765,-0.19193879286262322,-0.20117490133484472,-0.3638090830927597,-0.5040072666478549,-0.49576456825523096,-0.16359805427422083
1.1314303036644542,-0.07705445170920465,-0.9043858522823569,-0.34748789365048255,-1.0588994858816982,-0.8986066536444436,-0.6661208380635453,-0.3548408667978765,-0.19193879286262322,-0.20117490133484472,-0.3638090830927597,-0.5040072666478549,2.0170864640838486,6.112542135273893
0.5221052499683165,0.13893831653653846,-0.46098288917696645,-0.34756617921934774,0.8784573034512132,2.631686305508715,0.23698160759434397,-0.3548408667978765,-0.19193879286262322,-0.20117490133484472,-0.3638090830927597,-0.5040072666478549,-0.49576456825523096,-0.16359805427422083
-0.15492258747183654,-0.07705445170920465,1.93328711132237,-0.3485912770384794,-1.6401065226815716,-0.8986066536444436,-0.6661208380635453,3.891501321389324,3.9016638275079067,5.656155721055394,5.800083488316872,1.9840983774916294,2.0170864640838486,-0.16359805427422083
0.5221052499683165,-0.1058943951965624,-0.5757044747020704,-0.3483598410002381,-0.28395677014853365,-0.016033413856153925,-0.6661208380635453,1.0606065292645237,-0.19193879286262322,-0.20117490133484472,0.5167469985371878,1.9840983774916294,-0.49576456825523096,-0.16359805427422083
-1.7120866135841886,-0.26113919737319025,1.9370756867468946,-0.34843023674343365,-0.8651638069484071,-0.8986066536444436,-0.6661208380635453,3.891501321389324,-0.19193879286262322,-0.20117490133484472,2.2778591617970823,1.9840983774916294,-0.49576456825523096,-0.16359805427422083
1.4699442223845307,-0.33017097699718484,-0.8382184816419802,-0.3481774426221859,-0.28395677014853365,-0.8986066536444436,-0.6661208380635453,1.0606065292645237,-0.19193879286262322,-0.20117490133484472,0.5167469985371878,1.9840983774916294,-0.49576456825523096,-0.16359805427422083
0.18359133124823998,-0.07705445170920465,-0.7473880232656835,1.182904865501135,-0.671428128015116,-0.016033413856153925,-0.6661208380635453,-0.3548408667978765,-0.19193879286262322,-0.20117490133484472,-0.3638090830927597,-0.5040072666478549,2.0170864640838486,-0.16359805427422083
-0.8996532086560048,0.061776127312384486,-0.49480320128205496,-0.3480127314015031,2.6220784138508333,2.631686305508715,2.0431864989101225,-0.3548408667978765,-0.19193879286262322,-0.20117490133484472,-0.3638090830927597,-0.5040072666478549,-0.49576456825523096,-0.16359805427422083
0.6575108174563471,-0.011857770953209749,-0.8380085791890514,-0.3482913812811197,0.49098594558463093,-0.016033413856153925,-0.6661208380635453,-0.3548408667978765,-0.19193879286262322,-0.20117490133484472,-0.3638090830927597,-0.5040072666478549,-0.49576456825523096,-0.16359805427422083
1.1314303036644542,-0.02336306755720885,-0.7936757816481195,-0.3481530705227728,-0.28395677014853365,-0.016033413856153925,-0.6661208380635453,-0.3548408667978765,-0.19193879286262322,-0.20117490133484472,-0.3638090830927597,-0.5040072666478549,-0.49576456825523096,-0.16359805427422083
0.18359133124823998,-0.07575051809408474,1.6774251445533221,-0.3478391923479682,2.04087137705096,0.8665398259321357,-0.6661208380635453,-0.3548408667978765,-0.19193879286262322,-0.20117490133484472,-0.3638090830927597,-0.5040072666478549,-0.49576456825523096,-0.16359805427422083
-0.22262537121585182,0.33966739128764273,-0.8844794696670287,-0.348353571959805,-0.28395677014853365,-0.016033413856153925,-0.6661208380635453,-0.3548408667978765,-0.19193879286262322,-0.20117490133484472,-0.3638090830927597,-0.5040072666478549,-0.49576456825523096,-0.16359805427422083
-1.1027615598880507,-0.30332528492118693,1.9152041740216974,-0.3480254047748269,0.10351458771804863,-0.8986066536444436,0.23698160759434397,-0.3548408667978765,-0.19193879286262322,-0.20117490133484472,-0.3638090830927597,-0.5040072666478549,-0.49576456825523096,-0.16359805427422083
-0.3580309387038825,-0.20744781322119443,-0.1786689756700146,-0.3465288057392276,0.29725026665133975,-0.016033413856153925,0.23698160759434397,-0.3548408667978765,-0.19193879286262322,-0.20117490133484472,-0.3638090830927597,-0.5040072666478549,-0.49576456825523096,-0.16359805427422083
-1.1027615598880507,-0.10773524265320225,-0.7100993511607885,-0.34848272582327205,-0.28395677014853365,-0.8986066536444436,-0.6661208380635453,-0.3548408667978765,-0.19193879286262322,-0.20117490133484472,-0.3638090830927597,-0.5040072666478549,-0.49576456825523096,-0.16359805427422083
0.2512941149922553,-0.011857770953209749,-0.908878162109783,-0.3481780598714039,-0.671428128015116,-0.016033413856153925,-0.6661208380635453,-0.3548408667978765,-0.19193879286262322,-0.20117490133484472,-0.3638090830927597,-0.5040072666478549,-0.49576456825523096,-0.16359805427422083
1.8761609248486226,-0.07705445170920465,1.93328711132237,-0.3485912770384794,-1.2526351648149894,-0.8986066536444436,-0.6661208380635453,-0.3548408667978765,-0.19193879286262322,-0.20117490133484472,-0.3638090830927597,-0.5040072666478549,2.0170864640838486,-0.16359805427422083
0.3866996824802859,0.6592845309467378,-0.3886955232316227,-0.34817621187856357,-0.8651638069484071,0.8665398259321357,1.1400840532522332,-0.3548408667978765,-0.19193879286262322,-0.20117490133484472,-0.3638090830927597,-0.5040072666478549,-0.49576456825523096,-0.16359805427422083
-0.7642476411679743,-0.07582722007144474,1.6822906875617794,-0.34769667488969885,-0.4776924490818248,0.8665398259321357,-0.6661208380635453,-0.3548408667978765,-0.19193879286262322,-0.20117490133484472,-0.3638090830927597,-0.5040072666478549,-0.49576456825523096,-0.16359805427422083
0.7929163849443778,-0.2349838230934323,-0.5985292014384888,-0.348372383206655,-1.0588994858816982,-0.016033413856153925,-0.6661208380635453,-0.3548408667978765,-0.19193879286262322,-0.20117490133484472,-0.3638090830927597,-0.5040072666478549,-0.49576456825523096,-0.16359805427422083
-0.22262537121585182,-0.08618198701504393,0.932052984968339,-0.3482971528788066,-0.09022109121524252,-0.8986066536444436,0.23698160759434397,2.476053925326924,1.8548625173226418,-0.20117490133484472,2.2778591617970823,1.9840983774916294,-0.49576456825523096,-0.16359805427422083
-1.6443838298401732,-0.39559776368525973,2.1974830781312193,-0.34818192887422006,-1.2526351648149894,-0.8986066536444436,1.1400840532522332,1.0606065292645237,1.8548625173226418,2.7274904098602746,2.2778591617970823,1.9840983774916294,-0.49576456825523096,-0.16359805427422083
-0.08721980372782123,0.28214090826764726,1.93328711132237,-0.34815349074964624,-0.28395677014853365,0.8665398259321357,1.1400840532522332,1.0606065292645237,-0.19193879286262322,-0.20117490133484472,0.5167469985371878,1.9840983774916294,-0.49576456825523096,-0.16359805427422083
-0.019517019983805926,-0.05020875963320675,0.4305002297307656,-0.34764310790249153,1.6534000191843778,0.8665398259321357,1.1400840532522332,-0.3548408667978765,-0.19193879286262322,-0.20117490133484472,-0.3638090830927597,-0.5040072666478549,-0.49576456825523096,-0.16359805427422083
-0.8996532086560048,-0.07705445170920465,-0.9025625888662975,3.3797411910028443,-0.28395677014853365,0.8665398259321357,-0.6661208380635453,-0.3548408667978765,-0.19193879286262322,-0.20117490133484472,-0.3638090830927597,-0.5040072666478549,2.0170864640838486,-0.16359805427422083
-1.1027615598880507,-0.07705445170920465,0.11125524538938211,-0.2150818870908617,-0.8651638069484071,-0.8986066536444436,-0.6661208380635453,-0.3548408667978765,-0.19193879286262322,-0.20117490133484472,-0.3638090830927597,-0.5040072666478549,2.0170864640838486,-0.16359805427422083
1.4022414386405155,-0.07705445170920465,1.5078135091017453,0.24723575247981439,-1.2526351648149894,-0.8986066536444436,-0.6661208380635453,-0.3548408667978765,-0.19193879286262322,2.7274904098602746,0.5167469985371878,1.9840983774916294,2.0170864640838486,-0.16359805427422083
0.5898080337123318,-0.04637366076520705,-0.1032025452304807,-0.34775779556896386,2.6220784138508333,0.8665398259321357,2.0431864989101225,-0.3548408667978765,-0.19193879286262322,-0.20117490133484472,-0.3638090830927597,-0.5040072666478549,-0.49576456825523096,-0.16359805427422083
0.860619168688393,0.14683862020461783,0.04762102585639889,-0.3483265711200864,0.10351458771804863,0.8665398259321357,1.1400840532522332,-0.3548408667978765,-0.19193879286262322,2.7274904098602746,0.5167469985371878,1.9840983774916294,-0.49576456825523096,-0.16359805427422083
0.860619168688393,-0.043842495512327245,0.5078421540628119,-0.3476721060978528,1.847135698117669,0.8665398259321357,1.1400840532522332,-0.3548408667978765,-0.19193879286262322,-0.20117490133484472,-0.3638090830927597,-0.5040072666478549,-0.49576456825523096,-0.16359805427422083
0.5898080337123318,-0.18443722001319623,-0.8625872972403926,-0.3485824521781422,-0.28395677014853365,-0.8986066536444436,-0.6661208380635453,-0.3548408667978765,-0.19193879286262322,-0.20117490133484472,-0.3638090830927597,-0.5040072666478549,-0.49576456825523096,-0.16359805427422083
-0.49343650619191304,-0.07705445170920465,-0.8185003100720453,-0.3176965421745679,-1.2526351648149894,-0.8986066536444436,-0.6661208380635453,-0.3548408667978765,-0.19193879286262322,-0.20117490133484472,-0.3638090830927597,-0.5040072666478549,2.0170864640838486,-0.16359805427422083
-0.9673559924000202,-0.07705445170920465,-0.6190057906766546,0.3928823596953973,-0.4776924490818248,-0.8986066536444436,1.1400840532522332,-0.3548408667978765,-0.19193879286262322,-0.20117490133484472,-0.3638090830927597,-0.5040072666478549,2.0170864640838486,-0.16359805427422083
-1.373572694864112,-0.3186656803931857,-0.11675619897198804,-0.3477212168373304,-0.28395677014853365,0.8665398259321357,0.23698160759434397,-0.3548408667978765,-0.19193879286262322,-0.20117490133484472,-0.3638090830927597,-0.5040072666478549,-0.49576456825523096,-0.16359805427422083
0.5898080337123318,0.28214090826764726,1.6597587806162686,-0.3482512021112901,-0.09022109121524252,-0.016033413856153925,1.1400840532522332,-0.3548408667978765,-0.19193879286262322,-0.20117490133484472,-0.3638090830927597,-0.5040072666478549,-0.49576456825523096,-0.16359805427422083
-1.1027615598880507,-0.38386236114918065,2.1974830781312193,-0.34829593887240684,-0.671428128015116,-0.8986066536444436,-0.6661208380635453,5.306948717451724,-0.19193879286262322,2.7274904098602746,4.038971325056977,1.9840983774916294,-0.49576456825523096,-0.16359805427422083
1.6730525736165767,-0.30823421147222657,-0.8575339126680653,-0.34816970785167367,-0.671428128015116,-0.8986066536444436,-0.6661208380635453,-0.3548408667978765,-0.19193879286262322,-0.20117490133484472,-0.3638090830927597,-0.5040072666478549,-0.49576456825523096,-0.16359805427422083
1.8761609248486226,-0.37619216341318124,-0.908878162109783,-0.3485912770384794,-0.09022109121524252,-0.8986066536444436,-0.6661208380635453,-0.3548408667978765,-0.19193879286262322,-0.20117490133484472,-0.3638090830927597,-0.5040072666478549,-0.49576456825523096,-0.16359805427422083
-1.1027615598880507,0.07397174171262354,0.2257218318206537,-0.34846357201449846,0.10351458771804863,-0.8986066536444436,-0.6661208380635453,-0.3548408667978765,-0.19193879286262322,-0.20117490133484472,-0.3638090830927597,-0.5040072666478549,-0.49576456825523096,-0.16359805427422083
0.7929163849443778,-0.22278820869319324,0.07730397766405919,-0.3478452877555779,-0.09022109121524252,-0.016033413856153925,-0.6661208380635453,-0.3548408667978765,-0.19193879286262322,-0.20117490133484472,-0.3638090830927597,-0.5040072666478549,-0.49576456825523096,-0.16359805427422083
0.3866996824802859,-0.07705445170920465,-0.908878162109783,1.0681529931494635,-0.671428128015116,-0.8986066536444436,-0.6661208380635453,-0.3548408667978765,-0.19193879286262322,-0.20117490133484472,-0.3638090830927597,-0.5040072666478549,2.0170864640838486,-0.16359805427422083
0.5221052499683165,0.8126884856667257,-0.8702982885077171,-0.3478066877921886,0.49098594558463093,1.7491130657204255,-0.6661208380635453,-0.3548408667978765,-0.19193879286262322,-0.20117490133484472,-0.3638090830927597,-0.5040072666478549,-0.49576456825523096,-0.16359805427422083
0.6575108174563471,0.13617704535157868,-0.8354118545224645,-0.34850104803405374,-1.0588994858816982,0.8665398259321357,-0.6661208380635453,-0.3548408667978765,-0.19193879286262322,-0.20117490133484472,-0.3638090830927597,-0.5040072666478549,-0.49576456825523096,-0.16359805427422083
0.7252136012003624,-0.23552073693495224,-0.014744453813815563,-0.34821741699964515,0.49098594558463093,-0.016033413856153925,0.23698160759434397,1.0606065292645237,-0.19193879286262322,-0.20117490133484472,0.5167469985371878,1.9840983774916294,-0.49576456825523096,-0.16359805427422083
-0.6288420736799437,-0.13458093472920016,-0.8840885582162298,-0.34803851778353806,-0.4776924490818248,0.8665398259321357,0.23698160759434397,-0.3548408667978765,-0.19193879286262322,-0.20117490133484472,-0.3638090830927597,-0.5040072666478549,-0.49576456825523096,-0.16359805427422083
-1.0350587761440355,0.2757746441467677,-0.908878162109783,-0.348301557532329,0.10351458771804863,-0.016033413856153925,0.23698160759434397,-0.3548408667978765,-0.19193879286262322,2.7274904098602746,0.5167469985371878,1.9840983774916294,-0.49576456825523096,-0.16359805427422083
0.6575108174563471,0.18526631086197481,-0.43476333494804886,-0.3482061373209125,1.2659286613177956,-0.016033413856153925,0.23698160759434397,-0.3548408667978765,-0.19193879286262322,-0.20117490133484472,-0.3638090830927597,-0.5040072666478549,-0.49576456825523096,-0.16359805427422083
-0.42573372244789776,-0.19210741774919565,1.5952548641069761,-0.34737362374813197,0.49098594558463093,0.8665398259321357,2.0431864989101225,3.891501321389324,1.8548625173226418,2.7274904098602746,4.038971325056977,1.9840983774916294,-0.49576456825523096,-0.16359805427422083
-0.08721980372782123,-0.14608623133319926,0.3189870796387247,-0.348451546193714,-0.09022109121524252,-0.8986066536444436,0.23698160759434397,-0.3548408667978765,-0.19193879286262322,-0.20117490133484472,-0.3638090830927597,-0.5040072666478549,-0.49576456825523096,-0.16359805427422083
-0.49343650619191304,0.04566871206678575,-0.884777240510338,-0.34820120792142173,-0.4776924490818248,-0.016033413856153925,2.0431864989101225,-0.3548408667978765,-0.19193879286262322,-0.20117490133484472,-0.3638090830927597,-0.5040072666478549,-0.49576456825523096,-0.16359805427422083
-0.019517019983805926,-0.07705445170920465,0.13069137181803828,2.543376582901239,-0.28395677014853365,0.8665398259321357,-0.6661208380635453,-0.3548408667978765,-0.19193879286262322,-0.20117490133484472,-0.3638090830927597,-0.5040072666478549,2.0170864640838486,-0.16359805427422083
0.3189968987362706,-0.24656582167479138,-0.8154901640034428,-0.347955387959968,1.847135698117669,0.8665398259321357,-0.6661208380635453,1.0606065292645237,-0.19193879286262322,-0.20117490133484472,0.5167469985371878,1.9840983774916294,-0.49576456825523096,-0.16359805427422083
-0.8319504249119896,0.04566871206678575,1.9112799590880993,-0.34835818119053796,0.49098594558463093,-0.8986066536444436,0.23698160759434397,1.0606065292645237,-0.19193879286262322,-0.20117490133484472,0.5167469985371878,1.9840983774916294,-0.49576456825523096,-0.16359805427422083
-0.8319504249119896,0.2757746441467677,0.0954225898268118,-0.347828805026137,0.29725026665133975,2.631686305508715,4.75249383588379,-0.3548408667978765,-0.19193879286262322,-0.20117490133484472,-0.3638090830927597,-0.5040072666478549,-0.49576456825523096,-0.16359805427422083
0.6575108174563471,0.2987852373547659,-0.8599171907012728,-0.34816592654466577,0.6847216245179221,1.7491130657204255,-0.6661208380635453,-0.3548408667978765,-0.19193879286262322,-0.20117490133484472,-0.3638090830927597,-0.5040072666478549,-0.49576456825523096,-0.16359805427422083
-0.29032815495986714,-0.10773524265320225,0.6492879174694284,-0.34783185979711245,0.8784573034512132,0.8665398259321357,0.23698160759434397,-0.3548408667978765,-0.19193879286262322,-0.20117490133484472,-0.3638090830927597,-0.5040072666478549,-0.49576456825523096,-0.16359805427422083
0.3189968987362706,-0.06708319465240543,-0.8888709167231451,-0.34808556796446904,0.49098594558463093,1.7491130657204255,-0.6661208380635453,-0.3548408667978765,-0.19193879286262322,-0.20117490133484472,-0.3638090830927597,-0.5040072666478549,-0.49576456825523096,-0.16359805427422083
-0.08721980372782123,0.00731772338678875,-0.8146487721539221,-0.3481963265466929,0.29725026665133975,-0.016033413856153925,2.0431864989101225,1.0606065292645237,-0.19193879286262322,-0.20117490133484472,0.5167469985371878,1.9840983774916294,-0.49576456825523096,-0.16359805427422083
-1.2381671273760815,0.17989717244677525,-0.7330557980599762,-0.34816195233976044,-0.28395677014853365,-0.016033413856153925,0.23698160759434397,-0.3548408667978765,-0.19193879286262322,-0.20117490133484472,-0.3638090830927597,-0.5040072666478549,-0.49576456825523096,-0.16359805427422083
-0.29032815495986714,0.12237068942677974,-0.7007994870287784,-0.3484633005623241,-1.0588994858816982,-0.016033413856153925,0.23698160759434397,1.0606065292645237,-0.19193879286262322,-0.20117490133484472,0.5167469985371878,1.9840983774916294,-0.49576456825523096,-0.16359805427422083
-0.3580309387038825,-0.09561633023032319,1.9764796746740567,-0.3480146688555651,-0.4776924490818248,-0.016033413856153925,1.1400840532522332,2.476053925326924,-0.19193879286262322,-0.20117490133484472,1.3973030801671351,1.9840983774916294,-0.49576456825523096,-0.16359805427422083
-0.019517019983805926,0.15305148037077734,-0.8493848072643606,-0.3483385797832593,-0.09022109121524252,0.8665398259321357,0.23698160759434397,-0.3548408667978765,-0.19193879286262322,-0.20117490133484472,-0.3638090830927597,-0.5040072666478549,-0.49576456825523096,-0.16359805427422083
0.5221052499683165,-0.07705445170920465,-0.7419405127533116,0.5341154333589928,0.8784573034512132,-0.8986066536444436,-0.6661208380635453,-0.3548408667978765,-0.19193879286262322,-0.20117490133484472,-0.3638090830927597,-0.5040072666478549,2.0170864640838486,-0.16359805427422083
-1.3058699111200966,0.014987921122788149,-0.8553339059965119,-0.34813845692037765,0.6847216245179221,0.8665398259321357,2.0431864989101225,-0.3548408667978765,-0.19193879286262322,-0.20117490133484472,-0.3638090830927597,-0.5040072666478549,-0.49576456825523096,-0.16359805427422083
-0.22262537121585182,-0.011857770953209749,-0.9058403504016425,-0.3485106105514245,4.365699524250454,-0.8986066536444436,-0.6661208380635453,-0.3548408667978765,-0.19193879286262322,-0.20117490133484472,-0.3638090830927597,-0.5040072666478549,-0.49576456825523096,-0.16359805427422083
-1.170464343632066,-0.19977761548519504,0.9733018509806264,-0.3480167977631957,0.29725026665133975,0.8665398259321357,0.23698160759434397,-0.3548408667978765,-0.19193879286262322,-0.20117490133484472,-0.3638090830927597,-0.5040072666478549,-0.49576456825523096,-0.16359805427422083
-0.29032815495986714,-0.07536700820728479,0.8805477154791185,-0.34753224872701094,0.10351458771804863,0.8665398259321357,-0.6661208380635453,1.0606065292645237,-0.19193879286262322,-0.20117490133484472,0.5167469985371878,1.9840983774916294,-0.49576456825523096,-0.16359805427422083
1.2668358711524847,-0.26113919737319025,-0.4783473923944736,-0.3484750927162984,-0.28395677014853365,-0.8986066536444436,-0.6661208380635453,-0.3548408667978765,-0.19193879286262322,-0.20117490133484472,-0.3638090830927597,-0.5040072666478549,-0.49576456825523096,-0.16359805427422083
-0.8319504249119896,-0.07705445170920465,1.93328711132237,-0.32321345911455207,-1.6401065226815716,-0.8986066536444436,-0.6661208380635453,-0.3548408667978765,1.8548625173226418,-0.20117490133484472,0.5167469985371878,1.9840983774916294,2.0170864640838486,-0.16359805427422083
1.6730525736165767,-0.07705445170920465,-0.5469998730178227,1.1398729133692582,-0.8651638069484071,-0.016033413856153925,-0.6661208380635453,-0.3548408667978765,-0.19193879286262322,-0.20117490133484472,-0.3638090830927597,-0.5040072666478549,2.0170864640838486,-0.16359805427422083
0.3866996824802859,-0.07705445170920465,1.3252897307810085,1.1520101306372235,0.6847216245179221,-0.8986066536444436,-0.6661208380635453,-0.3548408667978765,-0.19193879286262322,-0.20117490133484472,-0.3638090830927597,-0.5040072666478549,2.0170864640838486,-0.16359805427422083
-0.49343650619191304,-0.4160004896630181,1.8219795521181072,-0.34631259932894737,0.29725026665133975,0.8665398259321357,0.23698160759434397,2.476053925326924,-0.19193879286262322,-0.20117490133484472,1.3973030801671351,1.9840983774916294,-0.49576456825523096,-0.16359805427422083
0.4544024662243012,0.02902438297966705,-0.8268498790968621,-0.348012098346318,-0.09022109121524252,0.8665398259321357,0.23698160759434397,-0.3548408667978765,-0.19193879286262322,-0.20117490133484472,-0.3638090830927597,-0.5040072666478549,-0.49576456825523096,-0.16359805427422083
-0.15492258747183654,0.04566871206678575,-0.40834935954199486,-0.3483049111458681,0.29725026665133975,0.8665398259321357,-0.6661208380635453,1.0606065292645237,-0.19193879286262322,-0.20117490133484472,0.5167469985371878,1.9840983774916294,-0.49576456825523096,-0.16359805427422083
1.1314303036644542,-0.07705445170920465,-0.6030616000111056,2.339250656121824,-0.09022109121524252,-0.016033413856153925,-0.6661208380635453,-0.3548408667978765,-0.19193879286262322,-0.20117490133484472,-0.3638090830927597,-0.5040072666478549,2.0170864640838486,-0.16359805427422083
-0.8996532086560048,0.09168989848278215,0.4329769951156608,-0.34809351337087,0.49098594558463093,1.7491130657204255,-0.6661208380635453,1.0606065292645237,-0.19193879286262322,-0.20117490133484472,0.5167469985371878,1.9840983774916294,-0.49576456825523096,-0.16359805427422083
0.2512941149922553,-0.26880939510918966,-0.32981708795759085,-0.3466461882254297,0.10351458771804863,3.514259545297005,-0.6661208380635453,-0.3548408667978765,-0.19193879286262322,2.7274904098602746,0.5167469985371878,1.9840983774916294,-0.49576456825523096,-0.16359805427422083
0.18359133124823998,0.29111503961876656,-0.8424306676320447,-0.34851145183160565,0.6847216245179221,-0.8986066536444436,-0.6661208380635453,-0.3548408667978765,-0.19193879286262322,-0.20117490133484472,-0.3638090830927597,-0.5040072666478549,-0.49576456825523096,-0.16359805427422083
-0.42573372244789776,0.2481619322971699,0.3009865310332368,-0.34824999612759105,0.29725026665133975,0.8665398259321357,2.0431864989101225,-0.3548408667978765,-0.19193879286262322,-0.20117490133484472,-0.3638090830927597,-0.5040072666478549,-0.49576456825523096,-0.16359805427422083
-0.6288420736799437,-0.20207867480599487,1.93328711132237,-0.3485614321420144,-1.6401065226815716,-0.8986066536444436,2.0431864989101225,-0.3548408667978765,1.8548625173226418,-0.20117490133484472,0.5167469985371878,1.9840983774916294,-0.49576456825523096,-0.16359805427422083
0.7929163849443778,-0.09124431752080353,-0.908878162109783,-0.3482896235273864,-0.4776924490818248,-0.016033413856153925,1.1400840532522332,-0.3548408667978765,-0.19193879286262322,-0.20117490133484472,-0.3638090830927597,-0.5040072666478549,-0.49576456825523096,-0.16359805427422083
-1.8474921810722191,-0.3700560052243817,1.8070390636927447,-0.3483888853986754,-1.0588994858816982,-0.8986066536444436,0.23698160759434397,1.0606065292645237,1.8548625173226418,-0.20117490133484472,1.3973030801671351,1.9840983774916294,-0.49576456825523096,-0.16359805427422083
0.7252136012003624,-0.07705445170920465,-0.07902988168802941,4.491951646103659,1.2659286613177956,0.8665398259321357,-0.6661208380635453,1.0606065292645237,1.8548625173226418,-0.20117490133484472,1.3973030801671351,1.9840983774916294,2.0170864640838486,-0.16359805427422083
-0.5611392899359283,-0.2106692962703142,-0.8671952036253796,-0.34850352503928234,-1.0588994858816982,-0.8986066536444436,-0.6661208380635453,-0.3548408667978765,-0.19193879286262322,-0.20117490133484472,-0.3638090830927597,-0.5040072666478549,-0.49576456825523096,-0.16359805427422083
2.0792692760806686,-0.3807942820547809,-0.8735016108849417,-0.3485797914375118,-0.4776924490818248,-0.8986066536444436,-0.6661208380635453,-0.3548408667978765,-0.19193879286262322,-0.20117490133484472,-0.3638090830927597,-0.5040072666478549,-0.49576456825523096,-0.16359805427422083
-1.1027615598880507,-0.25346899963719083,1.998646309344264,-0.348194898743211,-0.8651638069484071,-0.016033413856153925,0.23698160759434397,-0.3548408667978765,-0.19193879286262322,5.656155721055394,1.3973030801671351,1.9840983774916294,-0.49576456825523096,-0.16359805427422083
0.04818576376020938,0.5077214236833896,-0.6646262938511214,-0.3479062898542302,1.0721929823845044,3.514259545297005,1.1400840532522332,-0.3548408667978765,-0.19193879286262322,-0.20117490133484472,-0.3638090830927597,-0.5040072666478549,-0.49576456825523096,-0.16359805427422083
1.1991330874084696,0.3866090014319591,0.41013789839018294,-0.34835471379941413,1.4596643402510867,0.8665398259321357,0.23698160759434397,-0.3548408667978765,-0.19193879286262322,-0.20117490133484472,-0.3638090830927597,-0.5040072666478549,-0.49576456825523096,-0.16359805427422083
-0.019517019983805926,-0.07705445170920465,-0.5505813114165058,0.8066511301942123,-1.0588994858816982,-0.016033413856153925,-0.6661208380635453,-0.3548408667978765,-0.19193879286262322,-0.20117490133484472,-0.3638090830927597,-0.5040072666478549,2.0170864640838486,-0.16359805427422083
0.9283219524324083,-0.2890587171322281,-0.7761258072328168,-0.34818331389732127,-1.0588994858816982,-0.016033413856153925,-0.6661208380635453,-0.3548408667978765,-0.19193879286262322,-0.20117490133484472,-0.3638090830927597,-0.5040072666478549,-0.49576456825523096,-0.16359805427422083
0.3866996824802859,0.233818662530851,0.5441497049328755,-0.3475286257003501,0.8784573034512132,1.7491130657204255,0.23698160759434397,-0.3548408667978765,-0.19193879286262322,-0.20117490133484472,-0.3638090830927597,-0.5040072666478549,-0.49576456825523096,-0.16359805427422083
0.4544024662243012,0.04566871206678575,-0.18835377986298707,-0.34849419316986485,-0.8651638069484071,-0.8986066536444436,0.23698160759434397,-0.3548408667978765,-0.19193879286262322,-0.20117490133484472,-0.3638090830927597,-0.5040072666478549,-0.49576456825523096,-0.16359805427422083
0.4544024662243012,-0.07705445170920465,0.9695071023725106,5.14519874713335,1.6534000191843778,0.8665398259321357,-0.6661208380635453,-0.3548408667978765,-0.19193879286262322,-0.20117490133484472,-0.3638090830927597,-0.5040072666478549,2.0170864640838486,-0.16359805427422083
0.11588854750422468,-0.043842495512327245,-0.8149862309970783,-0.3478767445671802,0.29725026665133975,0.8665398259321357,0.23698160759434397,-0.3548408667978765,-0.19193879286262322,-0.20117490133484472,-0.3638090830927597,-0.5040072666478549,-0.49576456825523096,-0.16359805427422083
-1.0350587761440355,-0.011857770953209749,-0.908878162109783,-0.34818088408049,-0.4776924490818248,-0.016033413856153925,1.1400840532522332,-0.3548408667978765,-0.19193879286262322,-0.20117490133484472,-0.3638090830927597,-0.5040072666478549,-0.49576456825523096,-0.16359805427422083
1.063727519920439,0.40217950283603787,-0.7582584481896916,-0.3482877021595508,-0.09022109121524252,1.7491130657204255,0.23698160759434397,1.0606065292645237,-0.19193879286262322,-0.20117490133484472,0.5167469985371878,1.9840983774916294,-0.49576456825523096,-0.16359805427422083
-1.3058699111200966,-0.2994901860531872,-0.8809348572074761,-0.34859083586166556,-1.2526351648149894,-0.8986066536444436,1.1400840532522332,-0.3548408667978765,-0.19193879286262322,-0.20117490133484472,-0.3638090830927597,-0.5040072666478549,-0.49576456825523096,-0.16359805427422083
-0.42573372244789776,-0.25346899963719083,2.1974830781312193,-0.347682168829669,-0.4776924490818248,0.8665398259321357,-0.6661208380635453,-0.3548408667978765,-0.19193879286262322,-0.20117490133484472,-0.3638090830927597,-0.5040072666478549,-0.49576456825523096,-0.16359805427422083
1.1991330874084696,-0.08679560283392389,-0.6593563078416458,-0.3483299714166732,1.4596643402510867,-0.016033413856153925,-0.6661208380635453,-0.3548408667978765,-0.19193879286262322,-0.20117490133484472,-0.3638090830927597,-0.5040072666478549,-0.49576456825523096,-0.16359805427422083
-1.373572694864112,-0.3225007792611854,-0.908878162109783,-0.3481636595783955,-0.4776924490818248,-0.016033413856153925,-0.6661208380635453,-0.3548408667978765,-0.19193879286262322,-0.20117490133484472,-0.3638090830927597,-0.5040072666478549,-0.49576456825523096,-0.16359805427422083
-0.42573372244789776,-0.22278820869319324,-0.7723816662246206,-0.34852036550989207,0.10351458771804863,-0.8986066536444436,0.23698160759434397,-0.3548408667978765,-0.19193879286262322,-0.20117490133484472,-0.3638090830927597,-0.5040072666478549,-0.49576456825523096,-0.16359805427422083
-1.5089782623521426,-0.38386236114918065,-0.729292566225729,-0.34852039587831307,-0.8651638069484071,-0.8986066536444436,-0.6661208380635453,-0.3548408667978765,-0.19193879286262322,-0.20117490133484472,-0.3638090830927597,-0.5040072666478549,-0.49576456825523096,-0.16359805427422083
-0.019517019983805926,0.1140101738945404,-0.5159092307154455,-0.3482382558712544,-0.671428128015116,-0.016033413856153925,0.23698160759434397,-0.3548408667978765,-0.19193879286262322,-0.20117490133484472,-0.3638090830927597,-0.5040072666478549,-0.49576456825523096,-0.16359805427422083
-1.0350587761440355,0.03799851433078635,-0.7778963825837686,-0.34806812525727576,0.29725026665133975,-0.016033413856153925,0.23698160759434397,-0.3548408667978765,-0.19193879286262322,-0.20117490133484472,-0.3638090830927597,-0.5040072666478549,-0.49576456825523096,-0.16359805427422083
1.537647006128546,-0.26113919737319025,-0.8723971794552261,-0.34858208524137624,-0.4776924490818248,-0.8986066536444436,-0.6661208380635453,-0.3548408667978765,-0.19193879286262322,-0.20117490133484472,-0.3638090830927597,-0.5040072666478549,-0.49576456825523096,-0.16359805427422083
0.5898080337123318,-0.18443722001319623,-0.350414827344817,-0.34830115973723985,0.6847216245179221,-0.8986066536444436,-0.6661208380635453,-0.3548408667978765,-0.19193879286262322,-0.20117490133484472,-0.3638090830927597,-0.5040072666478549,-0.49576456825523096,-0.16359805427422083
0.7252136012003624,-0.07705445170920465,0.9316811870809154,3.1921660150433815,-0.28395677014853365,0.8665398259321357,0.23698160759434397,-0.3548408667978765,1.8548625173226418,2.7274904098602746,1.3973030801671351,1.9840983774916294,2.0170864640838486,-0.16359805427422083
0.860619168688393,0.027336939477747183,-0.908878162109783,-0.3485912770384794,-0.671428128015116,-0.8986066536444436,-0.6661208380635453,-0.3548408667978765,-0.19193879286262322,-0.20117490133484472,-0.3638090830927597,-0.5040072666478549,-0.49576456825523096,-0.16359805427422083
-0.8996532086560048,-0.07705445170920465,0.13959793423801542,2.5555138001692046,0.29725026665133975,-0.016033413856153925,2.0431864989101225,1.0606065292645237,-0.19193879286262322,-0.20117490133484472,0.5167469985371878,1.9840983774916294,2.0170864640838486,-0.16359805427422083
1.4022414386405155,-0.26880939510918966,-0.8655994186140576,-0.3485787256243282,0.6847216245179221,-0.8986066536444436,0.23698160759434397,-0.3548408667978765,-0.19193879286262322,-0.20117490133484472,-0.3638090830927597,-0.5040072666478549,-0.49576456825523096,-0.16359805427422083
-0.8996532086560048,0.15504573178213718,-0.6549305842689042,-0.3481780483719422,0.8784573034512132,1.7491130657204255,-0.6661208380635453,-0.3548408667978765,-0.19193879286262322,-0.20117490133484472,-0.3638090830927597,-0.5040072666478549,-0.49576456825523096,-0.16359805427422083
1.4699442223845307,-0.07705445170920465,-0.3999169385490069,0.3024049218796564,0.49098594558463093,-0.8986066536444436,-0.6661208380635453,-0.3548408667978765,-0.19193879286262322,-0.20117490133484472,-0.3638090830927597,-0.5040072666478549,2.0170864640838486,6.112542135273893
1.1314303036644542,-0.07705445170920465,-0.8597424600471197,3.7030325236859185,0.6847216245179221,1.7491130657204255,-0.6661208380635453,-0.3548408667978765,-0.19193879286262322,-0.20117490133484472,-0.3638090830927597,-0.5040072666478549,2.0170864640838486,-0.16359805427422083
-2.1183033160482805,-0.4199889924857378,1.93328711132237,-0.3485912770384794,-1.4463708437482805,-0.8986066536444436,-0.6661208380635453,-0.3548408667978765,-0.19193879286262322,-0.20117490133484472,-0.3638090830927597,-0.5040072666478549,-0.49576456825523096,-0.16359805427422083
-0.15492258747183654,-0.13971996721231975,-0.5448149582453802,-0.34829232368638835,-0.28395677014853365,-0.8986066536444436,2.0431864989101225,-0.3548408667978765,-0.19193879286262322,-0.20117490133484472,-0.3638090830927597,-0.5040072666478549,-0.49576456825523096,-0.16359805427422083
-1.4412754786081272,-0.08855974831320375,1.9006048250438885,-0.34817123068735994,0.29725026665133975,-0.016033413856153925,-0.6661208380635453,-0.3548408667978765,-0.19193879286262322,-0.20117490133484472,-0.3638090830927597,-0.5040072666478549,-0.49576456825523096,-0.16359805427422083
-0.08721980372782123,-0.07705445170920465,-0.908878162109783,2.4926209470533847,-1.2526351648149894,-0.016033413856153925,-0.6661208380635453,1.0606065292645237,-0.19193879286262322,-0.20117490133484472,0.5167469985371878,1.9840983774916294,2.0170864640838486,-0.16359805427422083
1.063727519920439,-0.1430181522387995,-0.908878162109783,-0.3484763463308516,-1.0588994858816982,-0.8986066536444436,-0.6661208380635453,-0.3548408667978765,-0.19193879286262322,-0.20117490133484472,-0.3638090830927597,-0.5040072666478549,-0.49576456825523096,-0.16359805427422083
-0.15492258747183654,0.055256459236784995,1.5358809768486033,-0.3481561791829929,-0.09022109121524252,1.7491130657204255,0.23698160759434397,2.476053925326924,26.41647823954582,-0.20117490133484472,12.844532141356451,1.9840983774916294,-0.49576456825523096,-0.16359805427422083
-0.8996532086560048,-0.4912451294531722,-0.6632501457097635,1.437786428128405,-0.4776924490818248,-0.016033413856153925,1.1400840532522332,-0.3548408667978765,-0.19193879286262322,-0.20117490133484472,-0.3638090830927597,-0.5040072666478549,-0.49576456825523096,-0.16359805427422083
-0.49343650619191304,-0.1773806380960768,-0.34840119283754073,-0.34813488122224384,0.6847216245179221,0.8665398259321357,-0.6661208380635453,-0.3548408667978765,-0.19193879286262322,-0.20117490133484472,-0.3638090830927597,-0.5040072666478549,-0.49576456825523096,-0.16359805427422083
-1.2381671273760815,-0.07705445170920465,-0.8329509143153943,-0.17977361867496283,-1.2526351648149894,-0.8986066536444436,-0.6661208380635453,-0.3548408667978765,-0.19193879286262322,-0.20117490133484472,-0.3638090830927597,-0.5040072666478549,2.0170864640838486,-0.16359805427422083
-1.9828977485602497,-0.3225007792611854,-0.6750667048105882,-0.34857774166784794,-1.0588994858816982,-0.8986066536444436,-0.6661208380635453,-0.3548408667978765,-0.19193879286262322,-0.20117490133484472,-0.3638090830927597,-0.5040072666478549,-0.49576456825523096,-0.16359805427422083
1.063727519920439,-0.3129130320911862,-0.2987017756581733,-0.34830380913950254,-0.671428128015116,-0.016033413856153925,-0.6661208380635453,-0.3548408667978765,-0.19193879286262322,-0.20117490133484472,-0.3638090830927597,-0.5040072666478549,-0.49576456825523096,-0.16359805427422083
0.5221052499683165,-0.49116842747581224,0.7259966982645283,0.1440694057021098,-1.0588994858816982,-0.8986066536444436,0.23698160759434397,-0.3548408667978765,-0.19193879286262322,-0.20117490133484472,-0.3638090830927597,-0.5040072666478549,-0.49576456825523096,-0.16359805427422083
-0.29032815495986714,-0.24579880190119144,1.6497578054001665,-0.34765128125576333,0.10351458771804863,-0.8986066536444436,0.23698160759434397,-0.3548408667978765,-0.19193879286262322,-0.20117490133484472,-0.3638090830927597,-0.5040072666478549,-0.49576456825523096,-0.16359805427422083
-0.8996532086560048,-0.07705445170920465,-0.7612729029812793,0.6290064047267211,-0.28395677014853365,-0.8986066536444436,-0.6661208380635453,-0.3548408667978765,-0.19193879286262322,-0.20117490133484472,-0.3638090830927597,-0.5040072666478549,2.0170864640838486,-0.16359805427422083
-0.29032815495986714,-0.37619216341318124,1.2745342501453854,-0.34634334472638656,0.8784573034512132,2.631686305508715,1.1400840532522332,-0.3548408667978765,-0.19193879286262322,2.7274904098602746,0.5167469985371878,1.9840983774916294,-0.49576456825523096,-0.16359805427422083
-0.3580309387038825,-0.28798488944918815,0.43025080412359207,-0.34760693086199407,-0.4776924490818248,0.8665398259321357,0.23698160759434397,1.0606065292645237,-0.19193879286262322,-0.20117490133484472,0.5167469985371878,1.9840983774916294,-0.49576456825523096,-0.16359805427422083
-1.1027615598880507,-0.19210741774919565,0.11890894996772647,-0.3483768795491302,-0.4776924490818248,-0.8986066536444436,-0.6661208380635453,-0.3548408667978765,-0.19193879286262322,-0.20117490133484472,-0.3638090830927597,-0.5040072666478549,-0.49576456825523096,-0.16359805427422083
-0.42573372244789776,-0.07705445170920465,-0.908878162109783,4.272378351892288,-0.4776924490818248,1.7491130657204255,-0.6661208380635453,-0.3548408667978765,-0.19193879286262322,-0.20117490133484472,-0.3638090830927597,-0.5040072666478549,2.0170864640838486,-0.16359805427422083
-0.019517019983805926,1.4263043045466777,-0.49244026462774365,-0.34825162508227814,-0.4776924490818248,0.8665398259321357,1.1400840532522332,-0.3548408667978765,-0.19193879286262322,-0.20117490133484472,-0.3638090830927597,-0.5040072666478549,-0.49576456825523096,-0.16359805427422083
0.2512941149922553,-0.07705445170920465,1.4409722752184775,0.12255342963617143,0.6847216245179221,-0.8986066536444436,-0.6661208380635453,-0.3548408667978765,7.9952664478784365,-0.20117490133484472,3.15841524342703,1.9840983774916294,2.0170864640838486,-0.16359805427422083
0.18359133124823998,-0.07705445170920465,-0.783528972075089,1.1387695299812612,0.29725026665133975,-0.016033413856153925,-0.6661208380635453,-0.3548408667978765,-0.19193879286262322,-0.20117490133484472,-0.3638090830927597,-0.5040072666478549,2.0170864640838486,-0.16359805427422083
0.2512941149922553,-0.18443722001319623,-0.7532389848632949,-0.3477882146981421,-0.671428128015116,-0.016033413856153925,-0.6661208380635453,-0.3548408667978765,-0.19193879286262322,-0.20117490133484472,-0.3638090830927597,-0.5040072666478549,-0.49576456825523096,-0.16359805427422083
-1.5089782623521426,0.42917859886675574,-0.5138353962994926,-0.34826176065946557,-0.28395677014853365,0.8665398259321357,2.9462889445680114,-0.3548408667978765,-0.19193879286262322,-0.20117490133484472,-0.3638090830927597,-0.5040072666478549,-0.49576456825523096,-0.16359805427422083
-0.8319504249119896,-0.2994901860531872,0.6842721361606918,-0.34788715873101905,0.6847216245179221,-0.8986066536444436,0.23698160759434397,-0.3548408667978765,-0.19193879286262322,-0.20117490133484472,-0.3638090830927597,-0.5040072666478549,-0.49576456825523096,-0.16359805427422083
-1.7120866135841886,-0.27394842759230925,0.1525865086233511,-0.3483167938743779,-0.4776924490818248,-0.8986066536444436,-0.6661208380635453,-0.3548408667978765,-0.19193879286262322,-0.20117490133484472,-0.3638090830927597,-0.5040072666478549,-0.49576456825523096,-0.16359805427422083
-1.5089782623521426,-0.4912451294531722,0.921301214772032,0.26820003685175436,-0.4776924490818248,-0.8986066536444436,1.1400840532522332,-0.3548408667978765,-0.19193879286262322,-0.20117490133484472,-0.3638090830927597,-0.5040072666478549,-0.49576456825523096,-0.16359805427422083
1.6730525736165767,-0.043842495512327245,-0.9069834267564455,-0.34836186256300905,-0.28395677014853365,-0.016033413856153925,-0.6661208380635453,-0.3548408667978765,-0.19193879286262322,-0.20117490133484472,-0.3638090830927597,-0.5040072666478549,-0.49576456825523096,-0.16359805427422083
0.6575108174563471,0.6701762117318569,1.948065178512609,-0.348240872843976,0.10351458771804863,1.7491130657204255,0.23698160759434397,-0.3548408667978765,-0.19193879286262322,-0.20117490133484472,-0.3638090830927597,-0.5040072666478549,-0.49576456825523096,-0.16359805427422083
0.04818576376020938,0.8559484008977624,0.629104753403434,-0.34823391022446876,1.0721929823845044,0.8665398259321357,-0.6661208380635453,-0.3548408667978765,-0.19193879286262322,-0.20117490133484472,-0.3638090830927597,-0.5040072666478549,-0.49576456825523096,-0.16359805427422083
0.11588854750422468,0.7935129913267273,-0.908878162109783,-0.3483129775448779,0.10351458771804863,0.8665398259321357,-0.6661208380635453,-0.3548408667978765,-0.19193879286262322,-0.20117490133484472,-0.3638090830927597,-0.5040072666478549,-0.49576456825523096,-0.16359805427422083
0.3189968987362706,-0.1416375166463196,1.4126575674897595,-0.3481280447933846,-0.09022109121524252,-0.016033413856153925,0.23698160759434397,-0.3548408667978765,-0.19193879286262322,-0.20117490133484472,-0.3638090830927597,-0.5040072666478549,-0.49576456825523096,-0.16359805427422083
-0.5611392899359283,-0.07705445170920465,1.5534193921765833,2.7419855927406704,0.29725026665133975,-0.8986066536444436,-0.6661208380635453,-0.3548408667978765,-0.19193879286262322,-0.20117490133484472,-0.3638090830927597,-0.5040072666478549,2.0170864640838486,-0.16359805427422083
0.5221052499683165,-0.25040092054279106,1.93328711132237,-0.3485912770384794,-1.4463708437482805,-0.8986066536444436,-0.6661208380635453,-0.3548408667978765,-0.19193879286262322,-0.20117490133484472,-0.3638090830927597,-0.5040072666478549,-0.49576456825523096,-0.16359805427422083
1.1314303036644542,-0.1083488584720822,0.010199365982895836,-0.34844233243486783,0.8784573034512132,-0.8986066536444436,-0.6661208380635453,-0.3548408667978765,-0.19193879286262322,-0.20117490133484472,-0.3638090830927597,-0.5040072666478549,-0.49576456825523096,-0.16359805427422083
2.0115664923366534,-0.13810922568775988,-0.4452994217266828,-0.34843169976691335,-0.28395677014853365,0.8665398259321357,-0.6661208380635453,1.0606065292645237,-0.19193879286262322,-0.20117490133484472,0.5167469985371878,1.9840983774916294,-0.49576456825523096,-0.16359805427422083
1.1314303036644542,-0.07705445170920465,-0.8481484140878033,2.6592318386409075,-0.671428128015116,0.8665398259321357,-0.6661208380635453,-0.3548408667978765,-0.19193879286262322,-0.20117490133484472,-0.3638090830927597,-0.5040072666478549,2.0170864640838486,-0.16359805427422083
-0.7642476411679743,-0.18443722001319623,-0.01724260933669754,-0.348340871610964,0.49098594558463093,-0.8986066536444436,-0.6661208380635453,1.0606065292645237,-0.19193879286262322,-0.20117490133484472,0.5167469985371878,1.9840983774916294,-0.49576456825523096,-0.16359805427422083
1.8084581411046072,-0.09239484718120344,-0.595730984286858,-0.3482535369201914,0.8784573034512132,-0.016033413856153925,-0.6661208380635453,-0.3548408667978765,-0.19193879286262322,-0.20117490133484472,-0.3638090830927597,-0.5040072666478549,-0.49576456825523096,-0.16359805427422083
1.740755357360592,0.19907266678677374,-0.8166300486063245,-0.34827500894187674,-0.4776924490818248,0.8665398259321357,-0.6661208380635453,-0.3548408667978765,-0.19193879286262322,-0.20117490133484472,-0.3638090830927597,-0.5040072666478549,-0.49576456825523096,-0.16359805427422083
0.5898080337123318,-0.22278820869319324,-0.10752175864894939,-0.3478834224001248,0.49098594558463093,-0.016033413856153925,-0.6661208380635453,-0.3548408667978765,1.8548625173226418,-0.20117490133484472,0.5167469985371878,1.9840983774916294,-0.49576456825523096,-0.16359805427422083
-0.3580309387038825,-0.276479592845189,1.795665038295743,-0.34824816853079266,-0.8651638069484071,-0.016033413856153925,1.1400840532522332,3.891501321389324,-0.19193879286262322,-0.20117490133484472,2.2778591617970823,1.9840983774916294,-0.49576456825523096,-0.16359805427422083
0.3189968987362706,-0.10773524265320225,1.4566574934427448,-0.3482861422203912,-0.09022109121524252,-0.8986066536444436,0.23698160759434397,-0.3548408667978765,-0.19193879286262322,-0.20117490133484472,-0.3638090830927597,-0.5040072666478549,-0.49576456825523096,-0.16359805427422083
-1.4412754786081272,-0.03103326529320825,-0.5759662552029231,-0.34830003236519363,-0.4776924490818248,-0.016033413856153925,0.23698160759434397,-0.3548408667978765,-0.19193879286262322,-0.20117490133484472,-0.3638090830927597,-0.5040072666478549,-0.49576456825523096,-0.16359805427422083
-1.576681046096158,-0.011857770953209749,1.2759273688572879,-0.3483695765843967,-0.09022109121524252,-0.8986066536444436,0.23698160759434397,-0.3548408667978765,-0.19193879286262322,-0.20117490133484472,-0.3638090830927597,-0.5040072666478549,-0.49576456825523096,-0.16359805427422083
-0.15492258747183654,0.12237068942677974,1.8471445407120182,-0.34807344119072486,-0.09022109121524252,0.8665398259321357,2.0431864989101225,1.0606065292645237,-0.19193879286262322,-0.20117490133484472,0.5167469985371878,1.9840983774916294,-0.49576456825523096,-0.16359805427422083
0.4544024662243012,-0.07705445170920465,-0.4007243693622793,-0.23052925452281747,-1.4463708437482805,-0.8986066536444436,-0.6661208380635453,-0.3548408667978765,-0.19193879286262322,-0.20117490133484472,-0.3638090830927597,-0.5040072666478549,2.0170864640838486,-0.16359805427422083
-0.15492258747183654,-0.07705445170920465,-0.7256528549066176,2.9096998677161903,0.10351458771804863,0.8665398259321357,-0.6661208380635453,-0.3548408667978765,-0.19193879286262322,-0.20117490133484472,-0.3638090830927597,-0.5040072666478549,2.0170864640838486,-0.16359805427422083
1.4699442223845307,-0.07705445170920465,-0.9058974267703711,-0.34748789365048255,-1.2526351648149894,-0.8986066536444436,-0.6661208380635453,-0.3548408667978765,-0.19193879286262322,-0.20117490133484472,-0.3638090830927597,-0.5040072666478549,2.0170864640838486,-0.16359805427422083
-1.3058699111200966,-0.07705445170920465,-0.908878162109783,-0.11798414894713977,-0.671428128015116,-0.8986066536444436,-0.6661208380635453,-0.3548408667978765,-0.19193879286262322,-0.20117490133484472,-0.3638090830927597,-0.5040072666478549,2.0170864640838486,6.112542135273893
0.18359133124823998,0.10956145920766075,0.08445569043511515,-0.3481822618025033,0.29725026665133975,-0.016033413856153925,-0.6661208380635453,-0.3548408667978765,-0.19193879286262322,-0.20117490133484472,-0.3638090830927597,-0.5040072666478549,-0.49576456825523096,-0.16359805427422083
0.6575108174563471,-0.06938425397320525,-0.7665047471289713,-0.34699687701119686,1.2659286613177956,2.631686305508715,2.0431864989101225,-0.3548408667978765,-0.19193879286262322,-0.20117490133484472,-0.3638090830927597,-0.5040072666478549,-0.49576456825523096,-0.16359805427422083
1.4022414386405155,0.08049140978822303,-0.8919111385876786,-0.3485871328750173,0.8784573034512132,-0.8986066536444436,0.23698160759434397,-0.3548408667978765,-0.19193879286262322,-0.20117490133484472,-0.3638090830927597,-0.5040072666478549,-0.49576456825523096,-0.16359805427422083
-1.373572694864112,-0.13826262964247985,0.33088896054959,-0.34815812175234034,0.29725026665133975,0.8665398259321357,0.23698160759434397,-0.3548408667978765,-0.19193879286262322,2.7274904098602746,0.5167469985371878,1.9840983774916294,-0.49576456825523096,-0.16359805427422083
1.063727519920439,-0.1631907722844779,1.93328711132237,-0.3485912770384794,-1.6401065226815716,-0.8986066536444436,-0.6661208380635453,-0.3548408667978765,-0.19193879286262322,-0.20117490133484472,-0.3638090830927597,-0.5040072666478549,-0.49576456825523096,-0.16359805427422083
0.7929163849443778,0.10005041401502149,-0.7711588756524221,-0.34811915488528655,-0.09022109121524252,0.8665398259321357,0.23698160759434397,-0.3548408667978765,-0.19193879286262322,-0.20117490133484472,-0.3638090830927597,-0.5040072666478549,-0.49576456825523096,-0.16359805427422083
-1.9151949648162345,-0.37619216341318124,1.1454711313223729,-0.348052449574443,-0.671428128015116,-0.8986066536444436,-0.6661208380635453,-0.3548408667978765,-0.19193879286262322,2.7274904098602746,0.5167469985371878,1.9840983774916294,-0.49576456825523096,-0.16359805427422083
1.740755357360592,-0.28414979058118844,-0.8668733425868035,-0.3484879242077719,0.29725026665133975,-0.8986066536444436,-0.6661208380635453,-0.3548408667978765,-0.19193879286262322,-0.20117490133484472,-0.3638090830927597,-0.5040072666478549,-0.49576456825523096,-0.16359805427422083
-0.08721980372782123,0.15305148037077734,-0.908878162109783,-0.34821761607648954,-0.09022109121524252,0.8665398259321357,1.1400840532522332,-0.3548408667978765,-0.19193879286262322,-0.20117490133484472,-0.3638090830927597,-0.5040072666478549,-0.49576456825523096,-0.16359805427422083
-0.696544857423959,-0.23344978354623241,0.3718328678818726,-0.3478177271738802,-0.8651638069484071,-0.8986066536444436,-0.6661208380635453,-0.3548408667978765,-0.19193879286262322,-0.20117490133484472,-0.3638090830927597,-0.5040072666478549,-0.49576456825523096,-0.16359805427422083
1.9438637085926378,-0.07920210707528448,-0.7856599169657572,-0.3482707146951028,-0.09022109121524252,0.8665398259321357,-0.6661208380635453,-0.3548408667978765,-0.19193879286262322,-0.20117490133484472,-0.3638090830927597,-0.5040072666478549,-0.49576456825523096,-0.16359805427422083
1.4022414386405155,-0.07705445170920465,-0.6887926193643791,1.776525128243435,-0.8651638069484071,-0.016033413856153925,-0.6661208380635453,-0.3548408667978765,-0.19193879286262322,-0.20117490133484472,-0.3638090830927597,-0.5040072666478549,2.0170864640838486,-0.16359805427422083
-0.019517019983805926,-0.26259653494303015,-0.308086492642907,-0.3476451498337198,0.6847216245179221,0.8665398259321357,1.1400840532522332,1.0606065292645237,-0.19193879286262322,-0.20117490133484472,0.5167469985371878,1.9840983774916294,-0.49576456825523096,-0.16359805427422083
-0.9673559924000202,0.28375164979220713,-0.16407642515221993,-0.34820823211744567,-0.28395677014853365,0.8665398259321357,2.0431864989101225,-0.3548408667978765,-0.19193879286262322,-0.20117490133484472,-0.3638090830927597,-0.5040072666478549,-0.49576456825523096,-0.16359805427422083
-0.22262537121585182,4.617106562722428,1.93328711132237,-0.3484918911888262,-0.09022109121524252,-0.016033413856153925,2.0431864989101225,1.0606065292645237,-0.19193879286262322,-0.20117490133484472,0.5167469985371878,1.9840983774916294,-0.49576456825523096,-0.16359805427422083
-0.3580309387038825,0.19907266678677374,0.9692835035237592,-0.34819263213443696,0.10351458771804863,0.8665398259321357,0.23698160759434397,2.476053925326924,-0.19193879286262322,-0.20117490133484472,1.3973030801671351,1.9840983774916294,-0.49576456825523096,-0.16359805427422083
-1.0350587761440355,4.222704995137339,-0.5330198205463635,-0.3485768965556163,-0.28395677014853365,-0.8986066536444436,1.1400840532522332,-0.3548408667978765,-0.19193879286262322,-0.20117490133484472,-0.3638090830927597,-0.5040072666478549,-0.49576456825523096,-0.16359805427422083
0.04818576376020938,-0.07705445170920465,0.936176867716693,4.49526179626765,1.6534000191843778,-0.016033413856153925,1.1400840532522332,1.0606065292645237,-0.19193879286262322,-0.20117490133484472,0.5167469985371878,1.9840983774916294,2.0170864640838486,-0.16359805427422083
-1.5089782623521426,-0.47590473398117344,1.146583628817941,-0.33499935032884737,0.10351458771804863,0.8665398259321357,-0.6661208380635453,-0.3548408667978765,-0.19193879286262322,-0.20117490133484472,-0.3638090830927597,-0.5040072666478549,-0.49576456825523096,-0.16359805427422083
-0.08721980372782123,-0.03433145031968799,-0.7542261741215919,-0.348257558195432,0.10351458771804863,-0.016033413856153925,-0.6661208380635453,-0.3548408667978765,-0.19193879286262322,-0.20117490133484472,-0.3638090830927597,-0.5040072666478549,-0.49576456825523096,-0.16359805427422083
1.1314303036644542,-0.07705445170920465,-0.8456431389401994,-0.3331439096065236,-0.8651638069484071,-0.8986066536444436,-0.6661208380635453,-0.3548408667978765,-0.19193879286262322,-0.20117490133484472,-0.3638090830927597,-0.5040072666478549,2.0170864640838486,-0.16359805427422083
0.860619168688393,-0.07705445170920465,-0.908878162109783,1.5525383004800763,-0.09022109121524252,-0.016033413856153925,-0.6661208380635453,-0.3548408667978765,-0.19193879286262322,-0.20117490133484472,-0.3638090830927597,-0.5040072666478549,2.0170864640838486,-0.16359805427422083
-1.2381671273760815,-0.1361149742764,-0.7852570513666227,-0.3482765351991549,-0.671428128015116,-0.016033413856153925,0.23698160759434397,-0.3548408667978765,-0.19193879286262322,-0.20117490133484472,-0.3638090830927597,-0.5040072666478549,-0.49576456825523096,-0.16359805427422083
0.3866996824802859,-0.19724645023231524,-0.5168912159686064,-0.3481639102328964,1.6534000191843778,-0.8986066536444436,-0.6661208380635453,-0.3548408667978765,-0.19193879286262322,-0.20117490133484472,-0.3638090830927597,-0.5040072666478549,-0.49576456825523096,-0.16359805427422083
-0.42573372244789776,-0.03103326529320825,-0.908878162109783,-0.3485912770384794,-0.09022109121524252,-0.8986066536444436,-0.6661208380635453,-0.3548408667978765,-0.19193879286262322,-0.20117490133484472,-0.3638090830927597,-0.5040072666478549,-0.49576456825523096,-0.16359805427422083
1.3345386548965001,-0.0010427921454505956,-0.8615097299595279,-0.3485873067914103,-1.2526351648149894,-0.8986066536444436,-0.6661208380635453,-0.3548408667978765,-0.19193879286262322,-0.20117490133484472,-0.3638090830927597,-0.5040072666478549,-0.49576456825523096,-0.16359805427422083
-1.170464343632066,-0.07705445170920465,0.7671788273873564,2.9461115195200858,0.49098594558463093,0.8665398259321357,-0.6661208380635453,-0.3548408667978765,-0.19193879286262322,-0.20117490133484472,-0.3638090830927597,-0.5040072666478549,2.0170864640838486,-0.16359805427422083
-0.8996532086560048,-0.09239484718120344,-0.8286327155500295,-0.34795652927878024,-0.09022109121524252,0.8665398259321357,0.23698160759434397,-0.3548408667978765,-0.19193879286262322,-0.20117490133484472,-0.3638090830927597,-0.5040072666478549,-0.49576456825523096,-0.16359805427422083
-1.373572694864112,-0.10773524265320225,-0.6728204987378951,-0.34826253453726563,-0.4776924490818248,-0.8986066536444436,-0.6661208380635453,1.0606065292645237,-0.19193879286262322,-0.20117490133484472,0.5167469985371878,1.9840983774916294,-0.49576456825523096,-0.16359805427422083
-0.5611392899359283,0.42917859886675574,-0.803835923819781,-0.3480766835192221,-0.28395677014853365,1.7491130657204255,1.1400840532522332,-0.3548408667978765,-0.19193879286262322,-0.20117490133484472,-0.3638090830927597,-0.5040072666478549,-0.49576456825523096,-0.16359805427422083
-0.08721980372782123,0.08401970074678275,-0.872834949689574,-0.34829399163243757,1.2659286613177956,0.8665398259321357,1.1400840532522332,-0.3548408667978765,-0.19193879286262322,-0.20117490133484472,-0.3638090830927597,-0.5040072666478549,-0.49576456825523096,-0.16359805427422083
-1.9828977485602497,-0.315290793389346,0.42448345619452116,-0.3484898330753771,-1.2526351648149894,-0.8986066536444436,0.23698160759434397,-0.3548408667978765,-0.19193879286262322,-0.20117490133484472,-0.3638090830927597,-0.5040072666478549,-0.49576456825523096,-0.16359805427422083
-0.9673559924000202,-0.16909682454119745,-0.06633259516636608,-0.3479575079081255,0.49098594558463093,-0.016033413856153925,0.23698160759434397,-0.3548408667978765,1.8548625173226418,-0.20117490133484472,0.5167469985371878,1.9840983774916294,-0.49576456825523096,-0.16359805427422083
1.4699442223845307,-0.07705445170920465,-0.7916294991850825,-0.3154897753985742,-0.671428128015116,-0.8986066536444436,-0.6661208380635453,-0.3548408667978765,-0.19193879286262322,-0.20117490133484472,-0.3638090830927597,-0.5040072666478549,2.0170864640838486,-0.16359805427422083
-1.3058699111200966,-0.2797777778716688,1.6981491187237916,-0.3481576049595595,-0.8651638069484071,-0.8986066536444436,0.23698160759434397,-0.3548408667978765,-0.19193879286262322,-0.20117490133484472,-0.3638090830927597,-0.5040072666478549,-0.49576456825523096,-0.16359805427422083
-1.1027615598880507,0.04566871206678575,-0.8439368277946717,-0.3480510116110068,0.49098594558463093,1.7491130657204255,-0.6661208380635453,1.0606065292645237,-0.19193879286262322,-0.20117490133484472,0.5167469985371878,1.9840983774916294,-0.49576456825523096,-0.16359805427422083
-0.696544857423959,-0.24579880190119144,-0.7821679812026501,-0.3483930747743752,-0.671428128015116,-0.8986066536444436,-0.6661208380635453,-0.3548408667978765,-0.19193879286262322,-0.20117490133484472,-0.3638090830927597,-0.5040072666478549,-0.49576456825523096,-0.16359805427422083
-1.373572694864112,0.42917859886675574,-0.5921910244523232,-0.34822195022712366,-0.09022109121524252,0.8665398259321357,-0.6661208380635453,-0.3548408667978765,-0.19193879286262322,-0.20117490133484472,-0.3638090830927597,-0.5040072666478549,-0.49576456825523096,-0.16359805427422083
-0.49343650619191304,0.05103785048198533,1.9379378548266417,-0.3476503349047957,0.6847216245179221,0.8665398259321357,-0.6661208380635453,1.0606065292645237,-0.19193879286262322,-0.20117490133484472,0.5167469985371878,1.9840983774916294,-0.49576456825523096,-0.16359805427422083
1.537647006128546,-0.10773524265320225,-0.8729476358696037,-0.3485901738757681,-1.4463708437482805,-0.8986066536444436,-0.6661208380635453,-0.3548408667978765,-0.19193879286262322,-0.20117490133484472,-0.3638090830927597,-0.5040072666478549,-0.49576456825523096,-0.16359805427422083
1.4022414386405155,-0.25346899963719083,-0.48917426965780725,-0.348554272241971,-0.8651638069484071,-0.8986066536444436,-0.6661208380635453,-0.3548408667978765,-0.19193879286262322,-0.20117490133484472,-0.3638090830927597,-0.5040072666478549,-0.49576456825523096,-0.16359805427422083
-1.170464343632066,0.008161445137748684,1.7359293149402264,-0.3483571130580425,1.2659286613177956,-0.8986066536444436,1.1400840532522332,2.476053925326924,-0.19193879286262322,-0.20117490133484472,1.3973030801671351,1.9840983774916294,-0.49576456825523096,-0.16359805427422083
-0.15492258747183654,0.2021407458811735,-0.7805687543288378,-0.34838649025346036,0.49098594558463093,-0.016033413856153925,-0.6661208380635453,-0.3548408667978765,-0.19193879286262322,-0.20117490133484472,-0.3638090830927597,-0.5040072666478549,-0.49576456825523096,-0.16359805427422083
0.11588854750422468,0.026493217726787248,1.7635227805262081,-0.34804555090372685,0.6847216245179221,0.8665398259321357,-0.6661208380635453,-0.3548408667978765,-0.19193879286262322,-0.20117490133484472,-0.3638090830927597,-0.5040072666478549,-0.49576456825523096,-0.16359805427422083
-0.6288420736799437,0.35247662150676173,-0.7045490793105141,-0.3482706228527797,0.8784573034512132,-0.016033413856153925,2.0431864989101225,1.0606065292645237,-0.19193879286262322,-0.20117490133484472,0.5167469985371878,1.9840983774916294,-0.49576456825523096,-0.16359805427422083
1.537647006128546,-0.18443722001319623,1.93328711132237,-0.3485912770384794,-1.4463708437482805,-0.8986066536444436,-0.6661208380635453,-0.3548408667978765,-0.19193879286262322,-0.20117490133484472,-0.3638090830927597,-0.5040072666478549,-0.49576456825523096,-0.16359805427422083
0.18359133124823998,0.09038596486766225,-0.21518875104226787,-0.34836256940585475,2.6220784138508333,0.8665398259321357,-0.6661208380635453,-0.3548408667978765,-0.19193879286262322,-0.20117490133484472,-0.3638090830927597,-0.5040072666478549,-0.49576456825523096,-0.16359805427422083
-0.5611392899359283,-0.18443722001319623,-0.908878162109783,-0.34816023773935145,-0.4776924490818248,-0.016033413856153925,-0.6661208380635453,-0.3548408667978765,-0.19193879286262322,-0.20117490133484472,-0.3638090830927597,-0.5040072666478549,-0.49576456825523096,-0.16359805427422083
-0.696544857423959,0.42917859886675574,-0.39136917395119286,-0.3484832464172086,-0.4776924490818248,-0.016033413856153925,-0.6661208380635453,-0.3548408667978765,-0.19193879286262322,-0.20117490133484472,-0.3638090830927597,-0.5040072666478549,-0.49576456825523096,-0.16359805427422083
